﻿<helpItems schema="maml"><command xmlns:maml="http://schemas.microsoft.com/maml/2004/10" xmlns:command="http://schemas.microsoft.com/maml/dev/command/2004/10" xmlns:dev="http://schemas.microsoft.com/maml/dev/2004/10"><details><name>Get-CSTCConnection</name><description><para>Calls the AWS CodeStar Connections GetConnection API operation.</para></description><verb>Get</verb><noun>CSTCConnection</noun><copyright><para>&amp;copy; Copyright 2012 - 2020 Amazon.com, Inc.or its affiliates.All Rights Reserved.</para></copyright></details><description><para>Returns the connection ARN and details such as status, owner, and provider type. </para></description><syntax><syntaxItem><name>Get-CSTCConnection</name><parameter required="True" variableLength="false" globbing="false" pipelineInput="True (ByValue, ByPropertyName)" position="1"><name>ConnectionArn</name><description><para>The Amazon Resource Name (ARN) of a connection. </para></description><parameterValue required="true" variableLength="false">System.String</parameterValue></parameter><parameter required="False" variableLength="false" globbing="false" pipelineInput="True (ByPropertyName)" position="Named"><name>Select</name><description><para>Use the -Select parameter to control the cmdlet output. The default value is &#39;Connection&#39;. Specifying -Select &#39;*&#39; will result in the cmdlet returning the whole service response (Amazon.CodeStarconnections.Model.GetConnectionResponse). Specifying the name of a property of type Amazon.CodeStarconnections.Model.GetConnectionResponse will result in that property being returned. Specifying -Select &#39;^ParameterName&#39; will result in the cmdlet returning the selected cmdlet parameter value. </para></description><parameterValue required="true" variableLength="false">System.String</parameterValue></parameter><parameter required="False" variableLength="false" globbing="false" pipelineInput="True (ByPropertyName)" position="Named"><name>PassThru</name><description><para>Changes the cmdlet behavior to return the value passed to the ConnectionArn parameter. The -PassThru parameter is deprecated, use -Select &#39;^ConnectionArn&#39; instead. This parameter will be removed in a future version. </para></description><parameterValue required="true" variableLength="false">System.Management.Automation.SwitchParameter</parameterValue></parameter><parameter required="False" variableLength="false" globbing="false" pipelineInput="True (ByPropertyName)" position="Named"><name>EndpointUrl</name><description><para>Amazon.PowerShell.Common.ServiceCmdlet.EndpointUrl </para></description><parameterValue required="true" variableLength="false">System.String</parameterValue></parameter><parameter required="False" variableLength="false" globbing="false" pipelineInput="True (ByPropertyName)" position="Named"><name>Region</name><description><para>Amazon.PowerShell.Common.AWSCommonArgumentsCmdlet.Region </para></description><parameterValue required="true" variableLength="false">System.Object</parameterValue></parameter><parameter required="False" variableLength="false" globbing="false" pipelineInput="True (ByPropertyName)" position="Named"><name>AccessKey</name><description><para>Amazon.PowerShell.Common.AWSCommonArgumentsCmdlet.AccessKey </para></description><parameterValue required="true" variableLength="false">System.String</parameterValue></parameter><parameter required="False" variableLength="false" globbing="false" pipelineInput="True (ByPropertyName)" position="Named"><name>SecretKey</name><description><para>Amazon.PowerShell.Common.AWSCommonArgumentsCmdlet.SecretKey </para></description><parameterValue required="true" variableLength="false">System.String</parameterValue></parameter><parameter required="False" variableLength="false" globbing="false" pipelineInput="True (ByPropertyName)" position="Named"><name>SessionToken</name><description><para>Amazon.PowerShell.Common.AWSCommonArgumentsCmdlet.SessionToken </para></description><parameterValue required="true" variableLength="false">System.String</parameterValue></parameter><parameter required="False" variableLength="false" globbing="false" pipelineInput="True (ByPropertyName)" position="Named"><name>ProfileName</name><description><para>Amazon.PowerShell.Common.AWSCommonArgumentsCmdlet.ProfileName </para></description><parameterValue required="true" variableLength="false">System.String</parameterValue></parameter><parameter required="False" variableLength="false" globbing="false" pipelineInput="True (ByPropertyName)" position="Named"><name>ProfileLocation</name><description><para>Amazon.PowerShell.Common.AWSCommonArgumentsCmdlet.ProfileLocation </para></description><parameterValue required="true" variableLength="false">System.String</parameterValue></parameter><parameter required="False" variableLength="false" globbing="false" pipelineInput="True (ByValue, ByPropertyName)" position="Named"><name>Credential</name><description><para>Amazon.PowerShell.Common.AWSCommonArgumentsCmdlet.Credential </para></description><parameterValue required="true" variableLength="false">Amazon.Runtime.AWSCredentials</parameterValue></parameter><parameter required="False" variableLength="false" globbing="false" pipelineInput="True (ByValue, ByPropertyName)" position="Named"><name>NetworkCredential</name><description><para>Amazon.PowerShell.Common.AWSCommonArgumentsCmdlet.NetworkCredential </para></description><parameterValue required="true" variableLength="false">System.Management.Automation.PSCredential</parameterValue></parameter></syntaxItem></syntax><parameters><parameter required="False" variableLength="false" globbing="false" pipelineInput="True (ByPropertyName)" position="Named"><name>AccessKey</name><description><para>Amazon.PowerShell.Common.AWSCommonArgumentsCmdlet.AccessKey </para></description><parameterValue required="true" variableLength="false">System.String</parameterValue><type><name>System.String</name><uri /></type><defaultValue>None</defaultValue></parameter><parameter required="True" variableLength="false" globbing="false" pipelineInput="True (ByValue, ByPropertyName)" position="1"><name>ConnectionArn</name><description><para>The Amazon Resource Name (ARN) of a connection. </para></description><parameterValue required="true" variableLength="false">System.String</parameterValue><type><name>System.String</name><uri /></type><defaultValue>None</defaultValue></parameter><parameter required="False" variableLength="false" globbing="false" pipelineInput="True (ByValue, ByPropertyName)" position="Named"><name>Credential</name><description><para>Amazon.PowerShell.Common.AWSCommonArgumentsCmdlet.Credential </para></description><parameterValue required="true" variableLength="false">Amazon.Runtime.AWSCredentials</parameterValue><type><name>Amazon.Runtime.AWSCredentials</name><uri /></type><defaultValue>None</defaultValue></parameter><parameter required="False" variableLength="false" globbing="false" pipelineInput="True (ByPropertyName)" position="Named"><name>EndpointUrl</name><description><para>Amazon.PowerShell.Common.ServiceCmdlet.EndpointUrl </para></description><parameterValue required="true" variableLength="false">System.String</parameterValue><type><name>System.String</name><uri /></type><defaultValue>None</defaultValue></parameter><parameter required="False" variableLength="false" globbing="false" pipelineInput="True (ByValue, ByPropertyName)" position="Named"><name>NetworkCredential</name><description><para>Amazon.PowerShell.Common.AWSCommonArgumentsCmdlet.NetworkCredential </para></description><parameterValue required="true" variableLength="false">System.Management.Automation.PSCredential</parameterValue><type><name>System.Management.Automation.PSCredential</name><uri /></type><defaultValue>None</defaultValue></parameter><parameter required="False" variableLength="false" globbing="false" pipelineInput="True (ByPropertyName)" position="Named"><name>PassThru</name><description><para>Changes the cmdlet behavior to return the value passed to the ConnectionArn parameter. The -PassThru parameter is deprecated, use -Select &#39;^ConnectionArn&#39; instead. This parameter will be removed in a future version. </para></description><parameterValue required="true" variableLength="false">System.Management.Automation.SwitchParameter</parameterValue><type><name>System.Management.Automation.SwitchParameter</name><uri /></type><defaultValue>None</defaultValue></parameter><parameter required="False" variableLength="false" globbing="false" pipelineInput="True (ByPropertyName)" position="Named"><name>ProfileLocation</name><description><para>Amazon.PowerShell.Common.AWSCommonArgumentsCmdlet.ProfileLocation </para></description><parameterValue required="true" variableLength="false">System.String</parameterValue><type><name>System.String</name><uri /></type><defaultValue>None</defaultValue></parameter><parameter required="False" variableLength="false" globbing="false" pipelineInput="True (ByPropertyName)" position="Named"><name>ProfileName</name><description><para>Amazon.PowerShell.Common.AWSCommonArgumentsCmdlet.ProfileName </para></description><parameterValue required="true" variableLength="false">System.String</parameterValue><type><name>System.String</name><uri /></type><defaultValue>None</defaultValue></parameter><parameter required="False" variableLength="false" globbing="false" pipelineInput="True (ByPropertyName)" position="Named"><name>Region</name><description><para>Amazon.PowerShell.Common.AWSCommonArgumentsCmdlet.Region </para></description><parameterValue required="true" variableLength="false">System.Object</parameterValue><type><name>System.Object</name><uri /></type><defaultValue>None</defaultValue></parameter><parameter required="False" variableLength="false" globbing="false" pipelineInput="True (ByPropertyName)" position="Named"><name>SecretKey</name><description><para>Amazon.PowerShell.Common.AWSCommonArgumentsCmdlet.SecretKey </para></description><parameterValue required="true" variableLength="false">System.String</parameterValue><type><name>System.String</name><uri /></type><defaultValue>None</defaultValue></parameter><parameter required="False" variableLength="false" globbing="false" pipelineInput="True (ByPropertyName)" position="Named"><name>Select</name><description><para>Use the -Select parameter to control the cmdlet output. The default value is &#39;Connection&#39;. Specifying -Select &#39;*&#39; will result in the cmdlet returning the whole service response (Amazon.CodeStarconnections.Model.GetConnectionResponse). Specifying the name of a property of type Amazon.CodeStarconnections.Model.GetConnectionResponse will result in that property being returned. Specifying -Select &#39;^ParameterName&#39; will result in the cmdlet returning the selected cmdlet parameter value. </para></description><parameterValue required="true" variableLength="false">System.String</parameterValue><type><name>System.String</name><uri /></type><defaultValue>None</defaultValue></parameter><parameter required="False" variableLength="false" globbing="false" pipelineInput="True (ByPropertyName)" position="Named"><name>SessionToken</name><description><para>Amazon.PowerShell.Common.AWSCommonArgumentsCmdlet.SessionToken </para></description><parameterValue required="true" variableLength="false">System.String</parameterValue><type><name>System.String</name><uri /></type><defaultValue>None</defaultValue></parameter></parameters><returnValues><returnValue><type><name>Amazon.CodeStarconnections.Model.Connection or Amazon.CodeStarconnections.Model.GetConnectionResponse</name><uri /><description /></type><description><para>This cmdlet returns an Amazon.CodeStarconnections.Model.Connection object.
The service call response (type Amazon.CodeStarconnections.Model.GetConnectionResponse) can also be referenced from properties attached to the cmdlet entry in the $AWSHistory stack.</para></description></returnValue></returnValues><relatedLinks><navigationLink><linkText>Online version:</linkText><uri>http://docs.aws.amazon.com/powershell/latest/reference/index.html?page=Get-CSTCConnection.html&amp;tocid=Get-CSTCConnection</uri></navigationLink><navigationLink><linkText>Common credential and region parameters: </linkText><uri>http://docs.aws.amazon.com/powershell/latest/reference/items/pstoolsref-commonparams.html</uri></navigationLink></relatedLinks></command><command xmlns:maml="http://schemas.microsoft.com/maml/2004/10" xmlns:command="http://schemas.microsoft.com/maml/dev/command/2004/10" xmlns:dev="http://schemas.microsoft.com/maml/dev/2004/10"><details><name>Get-CSTCConnectionList</name><description><para>Calls the AWS CodeStar Connections ListConnections API operation.</para></description><verb>Get</verb><noun>CSTCConnectionList</noun><copyright><para>&amp;copy; Copyright 2012 - 2020 Amazon.com, Inc.or its affiliates.All Rights Reserved.</para></copyright></details><description><para>Lists the connections associated with your account.<br /><br />This cmdlet automatically pages all available results to the pipeline - parameters related to iteration are only needed if you want to manually control the paginated output. To disable autopagination, use -NoAutoIteration. </para></description><syntax><syntaxItem><name>Get-CSTCConnectionList</name><parameter required="False" variableLength="false" globbing="false" pipelineInput="True (ByValue, ByPropertyName)" position="1"><name>ProviderTypeFilter</name><description><para>Filters the list of connections to those associated with a specified provider, such as Bitbucket. </para></description><parameterValue required="true" variableLength="false">Amazon.CodeStarconnections.ProviderType</parameterValue></parameter><parameter required="False" variableLength="false" globbing="false" pipelineInput="True (ByPropertyName)" position="Named"><name>MaxResult</name><description><para>The maximum number of results to return in a single call. To retrieve the remaining results, make another call with the returned <code>nextToken</code> value. </para></description><parameterValue required="true" variableLength="false">System.Int32</parameterValue></parameter><parameter required="False" variableLength="false" globbing="false" pipelineInput="True (ByPropertyName)" position="Named"><name>NextToken</name><description><para>The token that was returned from the previous <code>ListConnections</code> call, which can be used to return the next set of connections in the list. 
<br /><b>Note:</b> This parameter is only used if you are manually controlling output pagination of the service API call. <br />In order to manually control output pagination, use &#39;-NextToken $null&#39; for the first call and &#39;-NextToken $AWSHistory.LastServiceResponse.NextToken&#39; for subsequent calls. </para></description><parameterValue required="true" variableLength="false">System.String</parameterValue></parameter><parameter required="False" variableLength="false" globbing="false" pipelineInput="True (ByPropertyName)" position="Named"><name>Select</name><description><para>Use the -Select parameter to control the cmdlet output. The default value is &#39;Connections&#39;. Specifying -Select &#39;*&#39; will result in the cmdlet returning the whole service response (Amazon.CodeStarconnections.Model.ListConnectionsResponse). Specifying the name of a property of type Amazon.CodeStarconnections.Model.ListConnectionsResponse will result in that property being returned. Specifying -Select &#39;^ParameterName&#39; will result in the cmdlet returning the selected cmdlet parameter value. </para></description><parameterValue required="true" variableLength="false">System.String</parameterValue></parameter><parameter required="False" variableLength="false" globbing="false" pipelineInput="True (ByPropertyName)" position="Named"><name>PassThru</name><description><para>Changes the cmdlet behavior to return the value passed to the ProviderTypeFilter parameter. The -PassThru parameter is deprecated, use -Select &#39;^ProviderTypeFilter&#39; instead. This parameter will be removed in a future version. </para></description><parameterValue required="true" variableLength="false">System.Management.Automation.SwitchParameter</parameterValue></parameter><parameter required="False" variableLength="false" globbing="false" pipelineInput="True (ByPropertyName)" position="Named"><name>NoAutoIteration</name><description><para>By default the cmdlet will auto-iterate and retrieve all results to the pipeline by performing multiple service calls. If set, the cmdlet will retrieve only the next &#39;page&#39; of results using the value of NextToken as the start point. </para></description><parameterValue required="true" variableLength="false">System.Management.Automation.SwitchParameter</parameterValue></parameter><parameter required="False" variableLength="false" globbing="false" pipelineInput="True (ByPropertyName)" position="Named"><name>EndpointUrl</name><description><para>Amazon.PowerShell.Common.ServiceCmdlet.EndpointUrl </para></description><parameterValue required="true" variableLength="false">System.String</parameterValue></parameter><parameter required="False" variableLength="false" globbing="false" pipelineInput="True (ByPropertyName)" position="Named"><name>Region</name><description><para>Amazon.PowerShell.Common.AWSCommonArgumentsCmdlet.Region </para></description><parameterValue required="true" variableLength="false">System.Object</parameterValue></parameter><parameter required="False" variableLength="false" globbing="false" pipelineInput="True (ByPropertyName)" position="Named"><name>AccessKey</name><description><para>Amazon.PowerShell.Common.AWSCommonArgumentsCmdlet.AccessKey </para></description><parameterValue required="true" variableLength="false">System.String</parameterValue></parameter><parameter required="False" variableLength="false" globbing="false" pipelineInput="True (ByPropertyName)" position="Named"><name>SecretKey</name><description><para>Amazon.PowerShell.Common.AWSCommonArgumentsCmdlet.SecretKey </para></description><parameterValue required="true" variableLength="false">System.String</parameterValue></parameter><parameter required="False" variableLength="false" globbing="false" pipelineInput="True (ByPropertyName)" position="Named"><name>SessionToken</name><description><para>Amazon.PowerShell.Common.AWSCommonArgumentsCmdlet.SessionToken </para></description><parameterValue required="true" variableLength="false">System.String</parameterValue></parameter><parameter required="False" variableLength="false" globbing="false" pipelineInput="True (ByPropertyName)" position="Named"><name>ProfileName</name><description><para>Amazon.PowerShell.Common.AWSCommonArgumentsCmdlet.ProfileName </para></description><parameterValue required="true" variableLength="false">System.String</parameterValue></parameter><parameter required="False" variableLength="false" globbing="false" pipelineInput="True (ByPropertyName)" position="Named"><name>ProfileLocation</name><description><para>Amazon.PowerShell.Common.AWSCommonArgumentsCmdlet.ProfileLocation </para></description><parameterValue required="true" variableLength="false">System.String</parameterValue></parameter><parameter required="False" variableLength="false" globbing="false" pipelineInput="True (ByValue, ByPropertyName)" position="Named"><name>Credential</name><description><para>Amazon.PowerShell.Common.AWSCommonArgumentsCmdlet.Credential </para></description><parameterValue required="true" variableLength="false">Amazon.Runtime.AWSCredentials</parameterValue></parameter><parameter required="False" variableLength="false" globbing="false" pipelineInput="True (ByValue, ByPropertyName)" position="Named"><name>NetworkCredential</name><description><para>Amazon.PowerShell.Common.AWSCommonArgumentsCmdlet.NetworkCredential </para></description><parameterValue required="true" variableLength="false">System.Management.Automation.PSCredential</parameterValue></parameter></syntaxItem></syntax><parameters><parameter required="False" variableLength="false" globbing="false" pipelineInput="True (ByPropertyName)" position="Named"><name>AccessKey</name><description><para>Amazon.PowerShell.Common.AWSCommonArgumentsCmdlet.AccessKey </para></description><parameterValue required="true" variableLength="false">System.String</parameterValue><type><name>System.String</name><uri /></type><defaultValue>None</defaultValue></parameter><parameter required="False" variableLength="false" globbing="false" pipelineInput="True (ByValue, ByPropertyName)" position="Named"><name>Credential</name><description><para>Amazon.PowerShell.Common.AWSCommonArgumentsCmdlet.Credential </para></description><parameterValue required="true" variableLength="false">Amazon.Runtime.AWSCredentials</parameterValue><type><name>Amazon.Runtime.AWSCredentials</name><uri /></type><defaultValue>None</defaultValue></parameter><parameter required="False" variableLength="false" globbing="false" pipelineInput="True (ByPropertyName)" position="Named"><name>EndpointUrl</name><description><para>Amazon.PowerShell.Common.ServiceCmdlet.EndpointUrl </para></description><parameterValue required="true" variableLength="false">System.String</parameterValue><type><name>System.String</name><uri /></type><defaultValue>None</defaultValue></parameter><parameter required="False" variableLength="false" globbing="false" pipelineInput="True (ByPropertyName)" position="Named"><name>MaxResult</name><description><para>The maximum number of results to return in a single call. To retrieve the remaining results, make another call with the returned <code>nextToken</code> value. </para></description><parameterValue required="true" variableLength="false">System.Int32</parameterValue><type><name>System.Int32</name><uri /></type><defaultValue>None</defaultValue></parameter><parameter required="False" variableLength="false" globbing="false" pipelineInput="True (ByValue, ByPropertyName)" position="Named"><name>NetworkCredential</name><description><para>Amazon.PowerShell.Common.AWSCommonArgumentsCmdlet.NetworkCredential </para></description><parameterValue required="true" variableLength="false">System.Management.Automation.PSCredential</parameterValue><type><name>System.Management.Automation.PSCredential</name><uri /></type><defaultValue>None</defaultValue></parameter><parameter required="False" variableLength="false" globbing="false" pipelineInput="True (ByPropertyName)" position="Named"><name>NextToken</name><description><para>The token that was returned from the previous <code>ListConnections</code> call, which can be used to return the next set of connections in the list. 
<br /><b>Note:</b> This parameter is only used if you are manually controlling output pagination of the service API call. <br />In order to manually control output pagination, use &#39;-NextToken $null&#39; for the first call and &#39;-NextToken $AWSHistory.LastServiceResponse.NextToken&#39; for subsequent calls. </para></description><parameterValue required="true" variableLength="false">System.String</parameterValue><type><name>System.String</name><uri /></type><defaultValue>None</defaultValue></parameter><parameter required="False" variableLength="false" globbing="false" pipelineInput="True (ByPropertyName)" position="Named"><name>NoAutoIteration</name><description><para>By default the cmdlet will auto-iterate and retrieve all results to the pipeline by performing multiple service calls. If set, the cmdlet will retrieve only the next &#39;page&#39; of results using the value of NextToken as the start point. </para></description><parameterValue required="true" variableLength="false">System.Management.Automation.SwitchParameter</parameterValue><type><name>System.Management.Automation.SwitchParameter</name><uri /></type><defaultValue>None</defaultValue></parameter><parameter required="False" variableLength="false" globbing="false" pipelineInput="True (ByPropertyName)" position="Named"><name>PassThru</name><description><para>Changes the cmdlet behavior to return the value passed to the ProviderTypeFilter parameter. The -PassThru parameter is deprecated, use -Select &#39;^ProviderTypeFilter&#39; instead. This parameter will be removed in a future version. </para></description><parameterValue required="true" variableLength="false">System.Management.Automation.SwitchParameter</parameterValue><type><name>System.Management.Automation.SwitchParameter</name><uri /></type><defaultValue>None</defaultValue></parameter><parameter required="False" variableLength="false" globbing="false" pipelineInput="True (ByPropertyName)" position="Named"><name>ProfileLocation</name><description><para>Amazon.PowerShell.Common.AWSCommonArgumentsCmdlet.ProfileLocation </para></description><parameterValue required="true" variableLength="false">System.String</parameterValue><type><name>System.String</name><uri /></type><defaultValue>None</defaultValue></parameter><parameter required="False" variableLength="false" globbing="false" pipelineInput="True (ByPropertyName)" position="Named"><name>ProfileName</name><description><para>Amazon.PowerShell.Common.AWSCommonArgumentsCmdlet.ProfileName </para></description><parameterValue required="true" variableLength="false">System.String</parameterValue><type><name>System.String</name><uri /></type><defaultValue>None</defaultValue></parameter><parameter required="False" variableLength="false" globbing="false" pipelineInput="True (ByValue, ByPropertyName)" position="1"><name>ProviderTypeFilter</name><description><para>Filters the list of connections to those associated with a specified provider, such as Bitbucket. </para></description><parameterValue required="true" variableLength="false">Amazon.CodeStarconnections.ProviderType</parameterValue><type><name>Amazon.CodeStarconnections.ProviderType</name><uri /></type><defaultValue>None</defaultValue></parameter><parameter required="False" variableLength="false" globbing="false" pipelineInput="True (ByPropertyName)" position="Named"><name>Region</name><description><para>Amazon.PowerShell.Common.AWSCommonArgumentsCmdlet.Region </para></description><parameterValue required="true" variableLength="false">System.Object</parameterValue><type><name>System.Object</name><uri /></type><defaultValue>None</defaultValue></parameter><parameter required="False" variableLength="false" globbing="false" pipelineInput="True (ByPropertyName)" position="Named"><name>SecretKey</name><description><para>Amazon.PowerShell.Common.AWSCommonArgumentsCmdlet.SecretKey </para></description><parameterValue required="true" variableLength="false">System.String</parameterValue><type><name>System.String</name><uri /></type><defaultValue>None</defaultValue></parameter><parameter required="False" variableLength="false" globbing="false" pipelineInput="True (ByPropertyName)" position="Named"><name>Select</name><description><para>Use the -Select parameter to control the cmdlet output. The default value is &#39;Connections&#39;. Specifying -Select &#39;*&#39; will result in the cmdlet returning the whole service response (Amazon.CodeStarconnections.Model.ListConnectionsResponse). Specifying the name of a property of type Amazon.CodeStarconnections.Model.ListConnectionsResponse will result in that property being returned. Specifying -Select &#39;^ParameterName&#39; will result in the cmdlet returning the selected cmdlet parameter value. </para></description><parameterValue required="true" variableLength="false">System.String</parameterValue><type><name>System.String</name><uri /></type><defaultValue>None</defaultValue></parameter><parameter required="False" variableLength="false" globbing="false" pipelineInput="True (ByPropertyName)" position="Named"><name>SessionToken</name><description><para>Amazon.PowerShell.Common.AWSCommonArgumentsCmdlet.SessionToken </para></description><parameterValue required="true" variableLength="false">System.String</parameterValue><type><name>System.String</name><uri /></type><defaultValue>None</defaultValue></parameter></parameters><returnValues><returnValue><type><name>Amazon.CodeStarconnections.Model.Connection or Amazon.CodeStarconnections.Model.ListConnectionsResponse</name><uri /><description /></type><description><para>This cmdlet returns a collection of Amazon.CodeStarconnections.Model.Connection objects.
The service call response (type Amazon.CodeStarconnections.Model.ListConnectionsResponse) can also be referenced from properties attached to the cmdlet entry in the $AWSHistory stack.</para></description></returnValue></returnValues><relatedLinks><navigationLink><linkText>Online version:</linkText><uri>http://docs.aws.amazon.com/powershell/latest/reference/index.html?page=Get-CSTCConnectionList.html&amp;tocid=Get-CSTCConnectionList</uri></navigationLink><navigationLink><linkText>Common credential and region parameters: </linkText><uri>http://docs.aws.amazon.com/powershell/latest/reference/items/pstoolsref-commonparams.html</uri></navigationLink></relatedLinks></command><command xmlns:maml="http://schemas.microsoft.com/maml/2004/10" xmlns:command="http://schemas.microsoft.com/maml/dev/command/2004/10" xmlns:dev="http://schemas.microsoft.com/maml/dev/2004/10"><details><name>Get-CSTCResourceTagList</name><description><para>Calls the AWS CodeStar Connections ListTagsForResource API operation.</para></description><verb>Get</verb><noun>CSTCResourceTagList</noun><copyright><para>&amp;copy; Copyright 2012 - 2020 Amazon.com, Inc.or its affiliates.All Rights Reserved.</para></copyright></details><description><para>Gets the set of key-value pairs (metadata) that are used to manage the resource. </para></description><syntax><syntaxItem><name>Get-CSTCResourceTagList</name><parameter required="True" variableLength="false" globbing="false" pipelineInput="True (ByValue, ByPropertyName)" position="1"><name>ResourceArn</name><description><para>The Amazon Resource Name (ARN) of the resource for which you want to get information about tags, if any. </para></description><parameterValue required="true" variableLength="false">System.String</parameterValue></parameter><parameter required="False" variableLength="false" globbing="false" pipelineInput="True (ByPropertyName)" position="Named"><name>Select</name><description><para>Use the -Select parameter to control the cmdlet output. The default value is &#39;Tags&#39;. Specifying -Select &#39;*&#39; will result in the cmdlet returning the whole service response (Amazon.CodeStarconnections.Model.ListTagsForResourceResponse). Specifying the name of a property of type Amazon.CodeStarconnections.Model.ListTagsForResourceResponse will result in that property being returned. Specifying -Select &#39;^ParameterName&#39; will result in the cmdlet returning the selected cmdlet parameter value. </para></description><parameterValue required="true" variableLength="false">System.String</parameterValue></parameter><parameter required="False" variableLength="false" globbing="false" pipelineInput="True (ByPropertyName)" position="Named"><name>PassThru</name><description><para>Changes the cmdlet behavior to return the value passed to the ResourceArn parameter. The -PassThru parameter is deprecated, use -Select &#39;^ResourceArn&#39; instead. This parameter will be removed in a future version. </para></description><parameterValue required="true" variableLength="false">System.Management.Automation.SwitchParameter</parameterValue></parameter><parameter required="False" variableLength="false" globbing="false" pipelineInput="True (ByPropertyName)" position="Named"><name>EndpointUrl</name><description><para>Amazon.PowerShell.Common.ServiceCmdlet.EndpointUrl </para></description><parameterValue required="true" variableLength="false">System.String</parameterValue></parameter><parameter required="False" variableLength="false" globbing="false" pipelineInput="True (ByPropertyName)" position="Named"><name>Region</name><description><para>Amazon.PowerShell.Common.AWSCommonArgumentsCmdlet.Region </para></description><parameterValue required="true" variableLength="false">System.Object</parameterValue></parameter><parameter required="False" variableLength="false" globbing="false" pipelineInput="True (ByPropertyName)" position="Named"><name>AccessKey</name><description><para>Amazon.PowerShell.Common.AWSCommonArgumentsCmdlet.AccessKey </para></description><parameterValue required="true" variableLength="false">System.String</parameterValue></parameter><parameter required="False" variableLength="false" globbing="false" pipelineInput="True (ByPropertyName)" position="Named"><name>SecretKey</name><description><para>Amazon.PowerShell.Common.AWSCommonArgumentsCmdlet.SecretKey </para></description><parameterValue required="true" variableLength="false">System.String</parameterValue></parameter><parameter required="False" variableLength="false" globbing="false" pipelineInput="True (ByPropertyName)" position="Named"><name>SessionToken</name><description><para>Amazon.PowerShell.Common.AWSCommonArgumentsCmdlet.SessionToken </para></description><parameterValue required="true" variableLength="false">System.String</parameterValue></parameter><parameter required="False" variableLength="false" globbing="false" pipelineInput="True (ByPropertyName)" position="Named"><name>ProfileName</name><description><para>Amazon.PowerShell.Common.AWSCommonArgumentsCmdlet.ProfileName </para></description><parameterValue required="true" variableLength="false">System.String</parameterValue></parameter><parameter required="False" variableLength="false" globbing="false" pipelineInput="True (ByPropertyName)" position="Named"><name>ProfileLocation</name><description><para>Amazon.PowerShell.Common.AWSCommonArgumentsCmdlet.ProfileLocation </para></description><parameterValue required="true" variableLength="false">System.String</parameterValue></parameter><parameter required="False" variableLength="false" globbing="false" pipelineInput="True (ByValue, ByPropertyName)" position="Named"><name>Credential</name><description><para>Amazon.PowerShell.Common.AWSCommonArgumentsCmdlet.Credential </para></description><parameterValue required="true" variableLength="false">Amazon.Runtime.AWSCredentials</parameterValue></parameter><parameter required="False" variableLength="false" globbing="false" pipelineInput="True (ByValue, ByPropertyName)" position="Named"><name>NetworkCredential</name><description><para>Amazon.PowerShell.Common.AWSCommonArgumentsCmdlet.NetworkCredential </para></description><parameterValue required="true" variableLength="false">System.Management.Automation.PSCredential</parameterValue></parameter></syntaxItem></syntax><parameters><parameter required="False" variableLength="false" globbing="false" pipelineInput="True (ByPropertyName)" position="Named"><name>AccessKey</name><description><para>Amazon.PowerShell.Common.AWSCommonArgumentsCmdlet.AccessKey </para></description><parameterValue required="true" variableLength="false">System.String</parameterValue><type><name>System.String</name><uri /></type><defaultValue>None</defaultValue></parameter><parameter required="False" variableLength="false" globbing="false" pipelineInput="True (ByValue, ByPropertyName)" position="Named"><name>Credential</name><description><para>Amazon.PowerShell.Common.AWSCommonArgumentsCmdlet.Credential </para></description><parameterValue required="true" variableLength="false">Amazon.Runtime.AWSCredentials</parameterValue><type><name>Amazon.Runtime.AWSCredentials</name><uri /></type><defaultValue>None</defaultValue></parameter><parameter required="False" variableLength="false" globbing="false" pipelineInput="True (ByPropertyName)" position="Named"><name>EndpointUrl</name><description><para>Amazon.PowerShell.Common.ServiceCmdlet.EndpointUrl </para></description><parameterValue required="true" variableLength="false">System.String</parameterValue><type><name>System.String</name><uri /></type><defaultValue>None</defaultValue></parameter><parameter required="False" variableLength="false" globbing="false" pipelineInput="True (ByValue, ByPropertyName)" position="Named"><name>NetworkCredential</name><description><para>Amazon.PowerShell.Common.AWSCommonArgumentsCmdlet.NetworkCredential </para></description><parameterValue required="true" variableLength="false">System.Management.Automation.PSCredential</parameterValue><type><name>System.Management.Automation.PSCredential</name><uri /></type><defaultValue>None</defaultValue></parameter><parameter required="False" variableLength="false" globbing="false" pipelineInput="True (ByPropertyName)" position="Named"><name>PassThru</name><description><para>Changes the cmdlet behavior to return the value passed to the ResourceArn parameter. The -PassThru parameter is deprecated, use -Select &#39;^ResourceArn&#39; instead. This parameter will be removed in a future version. </para></description><parameterValue required="true" variableLength="false">System.Management.Automation.SwitchParameter</parameterValue><type><name>System.Management.Automation.SwitchParameter</name><uri /></type><defaultValue>None</defaultValue></parameter><parameter required="False" variableLength="false" globbing="false" pipelineInput="True (ByPropertyName)" position="Named"><name>ProfileLocation</name><description><para>Amazon.PowerShell.Common.AWSCommonArgumentsCmdlet.ProfileLocation </para></description><parameterValue required="true" variableLength="false">System.String</parameterValue><type><name>System.String</name><uri /></type><defaultValue>None</defaultValue></parameter><parameter required="False" variableLength="false" globbing="false" pipelineInput="True (ByPropertyName)" position="Named"><name>ProfileName</name><description><para>Amazon.PowerShell.Common.AWSCommonArgumentsCmdlet.ProfileName </para></description><parameterValue required="true" variableLength="false">System.String</parameterValue><type><name>System.String</name><uri /></type><defaultValue>None</defaultValue></parameter><parameter required="False" variableLength="false" globbing="false" pipelineInput="True (ByPropertyName)" position="Named"><name>Region</name><description><para>Amazon.PowerShell.Common.AWSCommonArgumentsCmdlet.Region </para></description><parameterValue required="true" variableLength="false">System.Object</parameterValue><type><name>System.Object</name><uri /></type><defaultValue>None</defaultValue></parameter><parameter required="True" variableLength="false" globbing="false" pipelineInput="True (ByValue, ByPropertyName)" position="1"><name>ResourceArn</name><description><para>The Amazon Resource Name (ARN) of the resource for which you want to get information about tags, if any. </para></description><parameterValue required="true" variableLength="false">System.String</parameterValue><type><name>System.String</name><uri /></type><defaultValue>None</defaultValue></parameter><parameter required="False" variableLength="false" globbing="false" pipelineInput="True (ByPropertyName)" position="Named"><name>SecretKey</name><description><para>Amazon.PowerShell.Common.AWSCommonArgumentsCmdlet.SecretKey </para></description><parameterValue required="true" variableLength="false">System.String</parameterValue><type><name>System.String</name><uri /></type><defaultValue>None</defaultValue></parameter><parameter required="False" variableLength="false" globbing="false" pipelineInput="True (ByPropertyName)" position="Named"><name>Select</name><description><para>Use the -Select parameter to control the cmdlet output. The default value is &#39;Tags&#39;. Specifying -Select &#39;*&#39; will result in the cmdlet returning the whole service response (Amazon.CodeStarconnections.Model.ListTagsForResourceResponse). Specifying the name of a property of type Amazon.CodeStarconnections.Model.ListTagsForResourceResponse will result in that property being returned. Specifying -Select &#39;^ParameterName&#39; will result in the cmdlet returning the selected cmdlet parameter value. </para></description><parameterValue required="true" variableLength="false">System.String</parameterValue><type><name>System.String</name><uri /></type><defaultValue>None</defaultValue></parameter><parameter required="False" variableLength="false" globbing="false" pipelineInput="True (ByPropertyName)" position="Named"><name>SessionToken</name><description><para>Amazon.PowerShell.Common.AWSCommonArgumentsCmdlet.SessionToken </para></description><parameterValue required="true" variableLength="false">System.String</parameterValue><type><name>System.String</name><uri /></type><defaultValue>None</defaultValue></parameter></parameters><returnValues><returnValue><type><name>Amazon.CodeStarconnections.Model.Tag or Amazon.CodeStarconnections.Model.ListTagsForResourceResponse</name><uri /><description /></type><description><para>This cmdlet returns a collection of Amazon.CodeStarconnections.Model.Tag objects.
The service call response (type Amazon.CodeStarconnections.Model.ListTagsForResourceResponse) can also be referenced from properties attached to the cmdlet entry in the $AWSHistory stack.</para></description></returnValue></returnValues><relatedLinks><navigationLink><linkText>Online version:</linkText><uri>http://docs.aws.amazon.com/powershell/latest/reference/index.html?page=Get-CSTCResourceTagList.html&amp;tocid=Get-CSTCResourceTagList</uri></navigationLink><navigationLink><linkText>Common credential and region parameters: </linkText><uri>http://docs.aws.amazon.com/powershell/latest/reference/items/pstoolsref-commonparams.html</uri></navigationLink></relatedLinks></command><command xmlns:maml="http://schemas.microsoft.com/maml/2004/10" xmlns:command="http://schemas.microsoft.com/maml/dev/command/2004/10" xmlns:dev="http://schemas.microsoft.com/maml/dev/2004/10"><details><name>Add-CSTCResourceTag</name><description><para>Calls the AWS CodeStar Connections TagResource API operation.</para></description><verb>Add</verb><noun>CSTCResourceTag</noun><copyright><para>&amp;copy; Copyright 2012 - 2020 Amazon.com, Inc.or its affiliates.All Rights Reserved.</para></copyright></details><description><para>Adds to or modifies the tags of the given resource. Tags are metadata that can be used to manage a resource. </para></description><syntax><syntaxItem><name>Add-CSTCResourceTag</name><parameter required="True" variableLength="false" globbing="false" pipelineInput="True (ByValue, ByPropertyName)" position="1"><name>ResourceArn</name><description><para>The Amazon Resource Name (ARN) of the resource to which you want to add or update tags. </para></description><parameterValue required="true" variableLength="false">System.String</parameterValue></parameter><parameter required="True" variableLength="false" globbing="false" pipelineInput="True (ByPropertyName)" position="Named"><name>Tag</name><description><para>The tags you want to modify or add to the resource. </para></description><parameterValue required="true" variableLength="false">Amazon.CodeStarconnections.Model.Tag[]</parameterValue></parameter><parameter required="False" variableLength="false" globbing="false" pipelineInput="True (ByPropertyName)" position="Named"><name>Select</name><description><para>Use the -Select parameter to control the cmdlet output. The cmdlet doesn&#39;t have a return value by default. Specifying -Select &#39;*&#39; will result in the cmdlet returning the whole service response (Amazon.CodeStarconnections.Model.TagResourceResponse). Specifying -Select &#39;^ParameterName&#39; will result in the cmdlet returning the selected cmdlet parameter value. </para></description><parameterValue required="true" variableLength="false">System.String</parameterValue></parameter><parameter required="False" variableLength="false" globbing="false" pipelineInput="True (ByPropertyName)" position="Named"><name>PassThru</name><description><para>Changes the cmdlet behavior to return the value passed to the ResourceArn parameter. The -PassThru parameter is deprecated, use -Select &#39;^ResourceArn&#39; instead. This parameter will be removed in a future version. </para></description><parameterValue required="true" variableLength="false">System.Management.Automation.SwitchParameter</parameterValue></parameter><parameter required="False" variableLength="false" globbing="false" pipelineInput="True (ByPropertyName)" position="Named"><name>Force</name><description><para>This parameter overrides confirmation prompts to force  the cmdlet to continue its operation. This parameter should always be used with caution. </para></description><parameterValue required="true" variableLength="false">System.Management.Automation.SwitchParameter</parameterValue></parameter><parameter required="False" variableLength="false" globbing="false" pipelineInput="True (ByPropertyName)" position="Named"><name>EndpointUrl</name><description><para>Amazon.PowerShell.Common.ServiceCmdlet.EndpointUrl </para></description><parameterValue required="true" variableLength="false">System.String</parameterValue></parameter><parameter required="False" variableLength="false" globbing="false" pipelineInput="True (ByPropertyName)" position="Named"><name>Region</name><description><para>Amazon.PowerShell.Common.AWSCommonArgumentsCmdlet.Region </para></description><parameterValue required="true" variableLength="false">System.Object</parameterValue></parameter><parameter required="False" variableLength="false" globbing="false" pipelineInput="True (ByPropertyName)" position="Named"><name>AccessKey</name><description><para>Amazon.PowerShell.Common.AWSCommonArgumentsCmdlet.AccessKey </para></description><parameterValue required="true" variableLength="false">System.String</parameterValue></parameter><parameter required="False" variableLength="false" globbing="false" pipelineInput="True (ByPropertyName)" position="Named"><name>SecretKey</name><description><para>Amazon.PowerShell.Common.AWSCommonArgumentsCmdlet.SecretKey </para></description><parameterValue required="true" variableLength="false">System.String</parameterValue></parameter><parameter required="False" variableLength="false" globbing="false" pipelineInput="True (ByPropertyName)" position="Named"><name>SessionToken</name><description><para>Amazon.PowerShell.Common.AWSCommonArgumentsCmdlet.SessionToken </para></description><parameterValue required="true" variableLength="false">System.String</parameterValue></parameter><parameter required="False" variableLength="false" globbing="false" pipelineInput="True (ByPropertyName)" position="Named"><name>ProfileName</name><description><para>Amazon.PowerShell.Common.AWSCommonArgumentsCmdlet.ProfileName </para></description><parameterValue required="true" variableLength="false">System.String</parameterValue></parameter><parameter required="False" variableLength="false" globbing="false" pipelineInput="True (ByPropertyName)" position="Named"><name>ProfileLocation</name><description><para>Amazon.PowerShell.Common.AWSCommonArgumentsCmdlet.ProfileLocation </para></description><parameterValue required="true" variableLength="false">System.String</parameterValue></parameter><parameter required="False" variableLength="false" globbing="false" pipelineInput="True (ByValue, ByPropertyName)" position="Named"><name>Credential</name><description><para>Amazon.PowerShell.Common.AWSCommonArgumentsCmdlet.Credential </para></description><parameterValue required="true" variableLength="false">Amazon.Runtime.AWSCredentials</parameterValue></parameter><parameter required="False" variableLength="false" globbing="false" pipelineInput="True (ByValue, ByPropertyName)" position="Named"><name>NetworkCredential</name><description><para>Amazon.PowerShell.Common.AWSCommonArgumentsCmdlet.NetworkCredential </para></description><parameterValue required="true" variableLength="false">System.Management.Automation.PSCredential</parameterValue></parameter></syntaxItem></syntax><parameters><parameter required="False" variableLength="false" globbing="false" pipelineInput="True (ByPropertyName)" position="Named"><name>AccessKey</name><description><para>Amazon.PowerShell.Common.AWSCommonArgumentsCmdlet.AccessKey </para></description><parameterValue required="true" variableLength="false">System.String</parameterValue><type><name>System.String</name><uri /></type><defaultValue>None</defaultValue></parameter><parameter required="False" variableLength="false" globbing="false" pipelineInput="True (ByValue, ByPropertyName)" position="Named"><name>Credential</name><description><para>Amazon.PowerShell.Common.AWSCommonArgumentsCmdlet.Credential </para></description><parameterValue required="true" variableLength="false">Amazon.Runtime.AWSCredentials</parameterValue><type><name>Amazon.Runtime.AWSCredentials</name><uri /></type><defaultValue>None</defaultValue></parameter><parameter required="False" variableLength="false" globbing="false" pipelineInput="True (ByPropertyName)" position="Named"><name>EndpointUrl</name><description><para>Amazon.PowerShell.Common.ServiceCmdlet.EndpointUrl </para></description><parameterValue required="true" variableLength="false">System.String</parameterValue><type><name>System.String</name><uri /></type><defaultValue>None</defaultValue></parameter><parameter required="False" variableLength="false" globbing="false" pipelineInput="True (ByPropertyName)" position="Named"><name>Force</name><description><para>This parameter overrides confirmation prompts to force  the cmdlet to continue its operation. This parameter should always be used with caution. </para></description><parameterValue required="true" variableLength="false">System.Management.Automation.SwitchParameter</parameterValue><type><name>System.Management.Automation.SwitchParameter</name><uri /></type><defaultValue>None</defaultValue></parameter><parameter required="False" variableLength="false" globbing="false" pipelineInput="True (ByValue, ByPropertyName)" position="Named"><name>NetworkCredential</name><description><para>Amazon.PowerShell.Common.AWSCommonArgumentsCmdlet.NetworkCredential </para></description><parameterValue required="true" variableLength="false">System.Management.Automation.PSCredential</parameterValue><type><name>System.Management.Automation.PSCredential</name><uri /></type><defaultValue>None</defaultValue></parameter><parameter required="False" variableLength="false" globbing="false" pipelineInput="True (ByPropertyName)" position="Named"><name>PassThru</name><description><para>Changes the cmdlet behavior to return the value passed to the ResourceArn parameter. The -PassThru parameter is deprecated, use -Select &#39;^ResourceArn&#39; instead. This parameter will be removed in a future version. </para></description><parameterValue required="true" variableLength="false">System.Management.Automation.SwitchParameter</parameterValue><type><name>System.Management.Automation.SwitchParameter</name><uri /></type><defaultValue>None</defaultValue></parameter><parameter required="False" variableLength="false" globbing="false" pipelineInput="True (ByPropertyName)" position="Named"><name>ProfileLocation</name><description><para>Amazon.PowerShell.Common.AWSCommonArgumentsCmdlet.ProfileLocation </para></description><parameterValue required="true" variableLength="false">System.String</parameterValue><type><name>System.String</name><uri /></type><defaultValue>None</defaultValue></parameter><parameter required="False" variableLength="false" globbing="false" pipelineInput="True (ByPropertyName)" position="Named"><name>ProfileName</name><description><para>Amazon.PowerShell.Common.AWSCommonArgumentsCmdlet.ProfileName </para></description><parameterValue required="true" variableLength="false">System.String</parameterValue><type><name>System.String</name><uri /></type><defaultValue>None</defaultValue></parameter><parameter required="False" variableLength="false" globbing="false" pipelineInput="True (ByPropertyName)" position="Named"><name>Region</name><description><para>Amazon.PowerShell.Common.AWSCommonArgumentsCmdlet.Region </para></description><parameterValue required="true" variableLength="false">System.Object</parameterValue><type><name>System.Object</name><uri /></type><defaultValue>None</defaultValue></parameter><parameter required="True" variableLength="false" globbing="false" pipelineInput="True (ByValue, ByPropertyName)" position="1"><name>ResourceArn</name><description><para>The Amazon Resource Name (ARN) of the resource to which you want to add or update tags. </para></description><parameterValue required="true" variableLength="false">System.String</parameterValue><type><name>System.String</name><uri /></type><defaultValue>None</defaultValue></parameter><parameter required="False" variableLength="false" globbing="false" pipelineInput="True (ByPropertyName)" position="Named"><name>SecretKey</name><description><para>Amazon.PowerShell.Common.AWSCommonArgumentsCmdlet.SecretKey </para></description><parameterValue required="true" variableLength="false">System.String</parameterValue><type><name>System.String</name><uri /></type><defaultValue>None</defaultValue></parameter><parameter required="False" variableLength="false" globbing="false" pipelineInput="True (ByPropertyName)" position="Named"><name>Select</name><description><para>Use the -Select parameter to control the cmdlet output. The cmdlet doesn&#39;t have a return value by default. Specifying -Select &#39;*&#39; will result in the cmdlet returning the whole service response (Amazon.CodeStarconnections.Model.TagResourceResponse). Specifying -Select &#39;^ParameterName&#39; will result in the cmdlet returning the selected cmdlet parameter value. </para></description><parameterValue required="true" variableLength="false">System.String</parameterValue><type><name>System.String</name><uri /></type><defaultValue>None</defaultValue></parameter><parameter required="False" variableLength="false" globbing="false" pipelineInput="True (ByPropertyName)" position="Named"><name>SessionToken</name><description><para>Amazon.PowerShell.Common.AWSCommonArgumentsCmdlet.SessionToken </para></description><parameterValue required="true" variableLength="false">System.String</parameterValue><type><name>System.String</name><uri /></type><defaultValue>None</defaultValue></parameter><parameter required="True" variableLength="false" globbing="false" pipelineInput="True (ByPropertyName)" position="Named"><name>Tag</name><description><para>The tags you want to modify or add to the resource. </para></description><parameterValue required="true" variableLength="false">Amazon.CodeStarconnections.Model.Tag[]</parameterValue><type><name>Amazon.CodeStarconnections.Model.Tag[]</name><uri /></type><defaultValue>None</defaultValue></parameter></parameters><returnValues><returnValue><type><name>None or Amazon.CodeStarconnections.Model.TagResourceResponse</name><uri /><description /></type><description><para>This cmdlet does not generate any output.The service response (type Amazon.CodeStarconnections.Model.TagResourceResponse) can be referenced from properties attached to the cmdlet entry in the $AWSHistory stack.</para></description></returnValue></returnValues><relatedLinks><navigationLink><linkText>Online version:</linkText><uri>http://docs.aws.amazon.com/powershell/latest/reference/index.html?page=Add-CSTCResourceTag.html&amp;tocid=Add-CSTCResourceTag</uri></navigationLink><navigationLink><linkText>Common credential and region parameters: </linkText><uri>http://docs.aws.amazon.com/powershell/latest/reference/items/pstoolsref-commonparams.html</uri></navigationLink></relatedLinks></command><command xmlns:maml="http://schemas.microsoft.com/maml/2004/10" xmlns:command="http://schemas.microsoft.com/maml/dev/command/2004/10" xmlns:dev="http://schemas.microsoft.com/maml/dev/2004/10"><details><name>New-CSTCConnection</name><description><para>Calls the AWS CodeStar Connections CreateConnection API operation.</para></description><verb>New</verb><noun>CSTCConnection</noun><copyright><para>&amp;copy; Copyright 2012 - 2020 Amazon.com, Inc.or its affiliates.All Rights Reserved.</para></copyright></details><description><para>Creates a connection that can then be given to other AWS services like CodePipeline so that it can access third-party code repositories. The connection is in pending status until the third-party connection handshake is completed from the console. </para></description><syntax><syntaxItem><name>New-CSTCConnection</name><parameter required="True" variableLength="false" globbing="false" pipelineInput="True (ByValue, ByPropertyName)" position="1"><name>ConnectionName</name><description><para>The name of the connection to be created. The name must be unique in the calling AWS account. </para></description><parameterValue required="true" variableLength="false">System.String</parameterValue></parameter><parameter required="True" variableLength="false" globbing="false" pipelineInput="True (ByPropertyName)" position="Named"><name>ProviderType</name><description><para>The name of the external provider where your third-party code repository is configured. Currently, the valid provider type is Bitbucket. </para></description><parameterValue required="true" variableLength="false">Amazon.CodeStarconnections.ProviderType</parameterValue></parameter><parameter required="False" variableLength="false" globbing="false" pipelineInput="True (ByPropertyName)" position="Named"><name>Tag</name><description><para>The key-value pair to use when tagging the resource. </para></description><parameterValue required="true" variableLength="false">Amazon.CodeStarconnections.Model.Tag[]</parameterValue></parameter><parameter required="False" variableLength="false" globbing="false" pipelineInput="True (ByPropertyName)" position="Named"><name>Select</name><description><para>Use the -Select parameter to control the cmdlet output. The default value is &#39;ConnectionArn&#39;. Specifying -Select &#39;*&#39; will result in the cmdlet returning the whole service response (Amazon.CodeStarconnections.Model.CreateConnectionResponse). Specifying the name of a property of type Amazon.CodeStarconnections.Model.CreateConnectionResponse will result in that property being returned. Specifying -Select &#39;^ParameterName&#39; will result in the cmdlet returning the selected cmdlet parameter value. </para></description><parameterValue required="true" variableLength="false">System.String</parameterValue></parameter><parameter required="False" variableLength="false" globbing="false" pipelineInput="True (ByPropertyName)" position="Named"><name>PassThru</name><description><para>Changes the cmdlet behavior to return the value passed to the ConnectionName parameter. The -PassThru parameter is deprecated, use -Select &#39;^ConnectionName&#39; instead. This parameter will be removed in a future version. </para></description><parameterValue required="true" variableLength="false">System.Management.Automation.SwitchParameter</parameterValue></parameter><parameter required="False" variableLength="false" globbing="false" pipelineInput="True (ByPropertyName)" position="Named"><name>Force</name><description><para>This parameter overrides confirmation prompts to force  the cmdlet to continue its operation. This parameter should always be used with caution. </para></description><parameterValue required="true" variableLength="false">System.Management.Automation.SwitchParameter</parameterValue></parameter><parameter required="False" variableLength="false" globbing="false" pipelineInput="True (ByPropertyName)" position="Named"><name>EndpointUrl</name><description><para>Amazon.PowerShell.Common.ServiceCmdlet.EndpointUrl </para></description><parameterValue required="true" variableLength="false">System.String</parameterValue></parameter><parameter required="False" variableLength="false" globbing="false" pipelineInput="True (ByPropertyName)" position="Named"><name>Region</name><description><para>Amazon.PowerShell.Common.AWSCommonArgumentsCmdlet.Region </para></description><parameterValue required="true" variableLength="false">System.Object</parameterValue></parameter><parameter required="False" variableLength="false" globbing="false" pipelineInput="True (ByPropertyName)" position="Named"><name>AccessKey</name><description><para>Amazon.PowerShell.Common.AWSCommonArgumentsCmdlet.AccessKey </para></description><parameterValue required="true" variableLength="false">System.String</parameterValue></parameter><parameter required="False" variableLength="false" globbing="false" pipelineInput="True (ByPropertyName)" position="Named"><name>SecretKey</name><description><para>Amazon.PowerShell.Common.AWSCommonArgumentsCmdlet.SecretKey </para></description><parameterValue required="true" variableLength="false">System.String</parameterValue></parameter><parameter required="False" variableLength="false" globbing="false" pipelineInput="True (ByPropertyName)" position="Named"><name>SessionToken</name><description><para>Amazon.PowerShell.Common.AWSCommonArgumentsCmdlet.SessionToken </para></description><parameterValue required="true" variableLength="false">System.String</parameterValue></parameter><parameter required="False" variableLength="false" globbing="false" pipelineInput="True (ByPropertyName)" position="Named"><name>ProfileName</name><description><para>Amazon.PowerShell.Common.AWSCommonArgumentsCmdlet.ProfileName </para></description><parameterValue required="true" variableLength="false">System.String</parameterValue></parameter><parameter required="False" variableLength="false" globbing="false" pipelineInput="True (ByPropertyName)" position="Named"><name>ProfileLocation</name><description><para>Amazon.PowerShell.Common.AWSCommonArgumentsCmdlet.ProfileLocation </para></description><parameterValue required="true" variableLength="false">System.String</parameterValue></parameter><parameter required="False" variableLength="false" globbing="false" pipelineInput="True (ByValue, ByPropertyName)" position="Named"><name>Credential</name><description><para>Amazon.PowerShell.Common.AWSCommonArgumentsCmdlet.Credential </para></description><parameterValue required="true" variableLength="false">Amazon.Runtime.AWSCredentials</parameterValue></parameter><parameter required="False" variableLength="false" globbing="false" pipelineInput="True (ByValue, ByPropertyName)" position="Named"><name>NetworkCredential</name><description><para>Amazon.PowerShell.Common.AWSCommonArgumentsCmdlet.NetworkCredential </para></description><parameterValue required="true" variableLength="false">System.Management.Automation.PSCredential</parameterValue></parameter></syntaxItem></syntax><parameters><parameter required="False" variableLength="false" globbing="false" pipelineInput="True (ByPropertyName)" position="Named"><name>AccessKey</name><description><para>Amazon.PowerShell.Common.AWSCommonArgumentsCmdlet.AccessKey </para></description><parameterValue required="true" variableLength="false">System.String</parameterValue><type><name>System.String</name><uri /></type><defaultValue>None</defaultValue></parameter><parameter required="True" variableLength="false" globbing="false" pipelineInput="True (ByValue, ByPropertyName)" position="1"><name>ConnectionName</name><description><para>The name of the connection to be created. The name must be unique in the calling AWS account. </para></description><parameterValue required="true" variableLength="false">System.String</parameterValue><type><name>System.String</name><uri /></type><defaultValue>None</defaultValue></parameter><parameter required="False" variableLength="false" globbing="false" pipelineInput="True (ByValue, ByPropertyName)" position="Named"><name>Credential</name><description><para>Amazon.PowerShell.Common.AWSCommonArgumentsCmdlet.Credential </para></description><parameterValue required="true" variableLength="false">Amazon.Runtime.AWSCredentials</parameterValue><type><name>Amazon.Runtime.AWSCredentials</name><uri /></type><defaultValue>None</defaultValue></parameter><parameter required="False" variableLength="false" globbing="false" pipelineInput="True (ByPropertyName)" position="Named"><name>EndpointUrl</name><description><para>Amazon.PowerShell.Common.ServiceCmdlet.EndpointUrl </para></description><parameterValue required="true" variableLength="false">System.String</parameterValue><type><name>System.String</name><uri /></type><defaultValue>None</defaultValue></parameter><parameter required="False" variableLength="false" globbing="false" pipelineInput="True (ByPropertyName)" position="Named"><name>Force</name><description><para>This parameter overrides confirmation prompts to force  the cmdlet to continue its operation. This parameter should always be used with caution. </para></description><parameterValue required="true" variableLength="false">System.Management.Automation.SwitchParameter</parameterValue><type><name>System.Management.Automation.SwitchParameter</name><uri /></type><defaultValue>None</defaultValue></parameter><parameter required="False" variableLength="false" globbing="false" pipelineInput="True (ByValue, ByPropertyName)" position="Named"><name>NetworkCredential</name><description><para>Amazon.PowerShell.Common.AWSCommonArgumentsCmdlet.NetworkCredential </para></description><parameterValue required="true" variableLength="false">System.Management.Automation.PSCredential</parameterValue><type><name>System.Management.Automation.PSCredential</name><uri /></type><defaultValue>None</defaultValue></parameter><parameter required="False" variableLength="false" globbing="false" pipelineInput="True (ByPropertyName)" position="Named"><name>PassThru</name><description><para>Changes the cmdlet behavior to return the value passed to the ConnectionName parameter. The -PassThru parameter is deprecated, use -Select &#39;^ConnectionName&#39; instead. This parameter will be removed in a future version. </para></description><parameterValue required="true" variableLength="false">System.Management.Automation.SwitchParameter</parameterValue><type><name>System.Management.Automation.SwitchParameter</name><uri /></type><defaultValue>None</defaultValue></parameter><parameter required="False" variableLength="false" globbing="false" pipelineInput="True (ByPropertyName)" position="Named"><name>ProfileLocation</name><description><para>Amazon.PowerShell.Common.AWSCommonArgumentsCmdlet.ProfileLocation </para></description><parameterValue required="true" variableLength="false">System.String</parameterValue><type><name>System.String</name><uri /></type><defaultValue>None</defaultValue></parameter><parameter required="False" variableLength="false" globbing="false" pipelineInput="True (ByPropertyName)" position="Named"><name>ProfileName</name><description><para>Amazon.PowerShell.Common.AWSCommonArgumentsCmdlet.ProfileName </para></description><parameterValue required="true" variableLength="false">System.String</parameterValue><type><name>System.String</name><uri /></type><defaultValue>None</defaultValue></parameter><parameter required="True" variableLength="false" globbing="false" pipelineInput="True (ByPropertyName)" position="Named"><name>ProviderType</name><description><para>The name of the external provider where your third-party code repository is configured. Currently, the valid provider type is Bitbucket. </para></description><parameterValue required="true" variableLength="false">Amazon.CodeStarconnections.ProviderType</parameterValue><type><name>Amazon.CodeStarconnections.ProviderType</name><uri /></type><defaultValue>None</defaultValue></parameter><parameter required="False" variableLength="false" globbing="false" pipelineInput="True (ByPropertyName)" position="Named"><name>Region</name><description><para>Amazon.PowerShell.Common.AWSCommonArgumentsCmdlet.Region </para></description><parameterValue required="true" variableLength="false">System.Object</parameterValue><type><name>System.Object</name><uri /></type><defaultValue>None</defaultValue></parameter><parameter required="False" variableLength="false" globbing="false" pipelineInput="True (ByPropertyName)" position="Named"><name>SecretKey</name><description><para>Amazon.PowerShell.Common.AWSCommonArgumentsCmdlet.SecretKey </para></description><parameterValue required="true" variableLength="false">System.String</parameterValue><type><name>System.String</name><uri /></type><defaultValue>None</defaultValue></parameter><parameter required="False" variableLength="false" globbing="false" pipelineInput="True (ByPropertyName)" position="Named"><name>Select</name><description><para>Use the -Select parameter to control the cmdlet output. The default value is &#39;ConnectionArn&#39;. Specifying -Select &#39;*&#39; will result in the cmdlet returning the whole service response (Amazon.CodeStarconnections.Model.CreateConnectionResponse). Specifying the name of a property of type Amazon.CodeStarconnections.Model.CreateConnectionResponse will result in that property being returned. Specifying -Select &#39;^ParameterName&#39; will result in the cmdlet returning the selected cmdlet parameter value. </para></description><parameterValue required="true" variableLength="false">System.String</parameterValue><type><name>System.String</name><uri /></type><defaultValue>None</defaultValue></parameter><parameter required="False" variableLength="false" globbing="false" pipelineInput="True (ByPropertyName)" position="Named"><name>SessionToken</name><description><para>Amazon.PowerShell.Common.AWSCommonArgumentsCmdlet.SessionToken </para></description><parameterValue required="true" variableLength="false">System.String</parameterValue><type><name>System.String</name><uri /></type><defaultValue>None</defaultValue></parameter><parameter required="False" variableLength="false" globbing="false" pipelineInput="True (ByPropertyName)" position="Named"><name>Tag</name><description><para>The key-value pair to use when tagging the resource. </para></description><parameterValue required="true" variableLength="false">Amazon.CodeStarconnections.Model.Tag[]</parameterValue><type><name>Amazon.CodeStarconnections.Model.Tag[]</name><uri /></type><defaultValue>None</defaultValue></parameter></parameters><returnValues><returnValue><type><name>System.String or Amazon.CodeStarconnections.Model.CreateConnectionResponse</name><uri /><description /></type><description><para>This cmdlet returns a System.String object.
The service call response (type Amazon.CodeStarconnections.Model.CreateConnectionResponse) can also be referenced from properties attached to the cmdlet entry in the $AWSHistory stack.</para></description></returnValue></returnValues><relatedLinks><navigationLink><linkText>Online version:</linkText><uri>http://docs.aws.amazon.com/powershell/latest/reference/index.html?page=New-CSTCConnection.html&amp;tocid=New-CSTCConnection</uri></navigationLink><navigationLink><linkText>Common credential and region parameters: </linkText><uri>http://docs.aws.amazon.com/powershell/latest/reference/items/pstoolsref-commonparams.html</uri></navigationLink></relatedLinks></command><command xmlns:maml="http://schemas.microsoft.com/maml/2004/10" xmlns:command="http://schemas.microsoft.com/maml/dev/command/2004/10" xmlns:dev="http://schemas.microsoft.com/maml/dev/2004/10"><details><name>Remove-CSTCResourceTag</name><description><para>Calls the AWS CodeStar Connections UntagResource API operation.</para></description><verb>Remove</verb><noun>CSTCResourceTag</noun><copyright><para>&amp;copy; Copyright 2012 - 2020 Amazon.com, Inc.or its affiliates.All Rights Reserved.</para></copyright></details><description><para>Removes tags from an AWS resource. </para></description><syntax><syntaxItem><name>Remove-CSTCResourceTag</name><parameter required="True" variableLength="false" globbing="false" pipelineInput="True (ByValue, ByPropertyName)" position="1"><name>ResourceArn</name><description><para>The Amazon Resource Name (ARN) of the resource to remove tags from. </para></description><parameterValue required="true" variableLength="false">System.String</parameterValue></parameter><parameter required="True" variableLength="false" globbing="false" pipelineInput="True (ByPropertyName)" position="Named"><name>TagKey</name><description><para>The list of keys for the tags to be removed from the resource. </para></description><parameterValue required="true" variableLength="false">System.String[]</parameterValue></parameter><parameter required="False" variableLength="false" globbing="false" pipelineInput="True (ByPropertyName)" position="Named"><name>Select</name><description><para>Use the -Select parameter to control the cmdlet output. The cmdlet doesn&#39;t have a return value by default. Specifying -Select &#39;*&#39; will result in the cmdlet returning the whole service response (Amazon.CodeStarconnections.Model.UntagResourceResponse). Specifying -Select &#39;^ParameterName&#39; will result in the cmdlet returning the selected cmdlet parameter value. </para></description><parameterValue required="true" variableLength="false">System.String</parameterValue></parameter><parameter required="False" variableLength="false" globbing="false" pipelineInput="True (ByPropertyName)" position="Named"><name>PassThru</name><description><para>Changes the cmdlet behavior to return the value passed to the ResourceArn parameter. The -PassThru parameter is deprecated, use -Select &#39;^ResourceArn&#39; instead. This parameter will be removed in a future version. </para></description><parameterValue required="true" variableLength="false">System.Management.Automation.SwitchParameter</parameterValue></parameter><parameter required="False" variableLength="false" globbing="false" pipelineInput="True (ByPropertyName)" position="Named"><name>Force</name><description><para>This parameter overrides confirmation prompts to force  the cmdlet to continue its operation. This parameter should always be used with caution. </para></description><parameterValue required="true" variableLength="false">System.Management.Automation.SwitchParameter</parameterValue></parameter><parameter required="False" variableLength="false" globbing="false" pipelineInput="True (ByPropertyName)" position="Named"><name>EndpointUrl</name><description><para>Amazon.PowerShell.Common.ServiceCmdlet.EndpointUrl </para></description><parameterValue required="true" variableLength="false">System.String</parameterValue></parameter><parameter required="False" variableLength="false" globbing="false" pipelineInput="True (ByPropertyName)" position="Named"><name>Region</name><description><para>Amazon.PowerShell.Common.AWSCommonArgumentsCmdlet.Region </para></description><parameterValue required="true" variableLength="false">System.Object</parameterValue></parameter><parameter required="False" variableLength="false" globbing="false" pipelineInput="True (ByPropertyName)" position="Named"><name>AccessKey</name><description><para>Amazon.PowerShell.Common.AWSCommonArgumentsCmdlet.AccessKey </para></description><parameterValue required="true" variableLength="false">System.String</parameterValue></parameter><parameter required="False" variableLength="false" globbing="false" pipelineInput="True (ByPropertyName)" position="Named"><name>SecretKey</name><description><para>Amazon.PowerShell.Common.AWSCommonArgumentsCmdlet.SecretKey </para></description><parameterValue required="true" variableLength="false">System.String</parameterValue></parameter><parameter required="False" variableLength="false" globbing="false" pipelineInput="True (ByPropertyName)" position="Named"><name>SessionToken</name><description><para>Amazon.PowerShell.Common.AWSCommonArgumentsCmdlet.SessionToken </para></description><parameterValue required="true" variableLength="false">System.String</parameterValue></parameter><parameter required="False" variableLength="false" globbing="false" pipelineInput="True (ByPropertyName)" position="Named"><name>ProfileName</name><description><para>Amazon.PowerShell.Common.AWSCommonArgumentsCmdlet.ProfileName </para></description><parameterValue required="true" variableLength="false">System.String</parameterValue></parameter><parameter required="False" variableLength="false" globbing="false" pipelineInput="True (ByPropertyName)" position="Named"><name>ProfileLocation</name><description><para>Amazon.PowerShell.Common.AWSCommonArgumentsCmdlet.ProfileLocation </para></description><parameterValue required="true" variableLength="false">System.String</parameterValue></parameter><parameter required="False" variableLength="false" globbing="false" pipelineInput="True (ByValue, ByPropertyName)" position="Named"><name>Credential</name><description><para>Amazon.PowerShell.Common.AWSCommonArgumentsCmdlet.Credential </para></description><parameterValue required="true" variableLength="false">Amazon.Runtime.AWSCredentials</parameterValue></parameter><parameter required="False" variableLength="false" globbing="false" pipelineInput="True (ByValue, ByPropertyName)" position="Named"><name>NetworkCredential</name><description><para>Amazon.PowerShell.Common.AWSCommonArgumentsCmdlet.NetworkCredential </para></description><parameterValue required="true" variableLength="false">System.Management.Automation.PSCredential</parameterValue></parameter></syntaxItem></syntax><parameters><parameter required="False" variableLength="false" globbing="false" pipelineInput="True (ByPropertyName)" position="Named"><name>AccessKey</name><description><para>Amazon.PowerShell.Common.AWSCommonArgumentsCmdlet.AccessKey </para></description><parameterValue required="true" variableLength="false">System.String</parameterValue><type><name>System.String</name><uri /></type><defaultValue>None</defaultValue></parameter><parameter required="False" variableLength="false" globbing="false" pipelineInput="True (ByValue, ByPropertyName)" position="Named"><name>Credential</name><description><para>Amazon.PowerShell.Common.AWSCommonArgumentsCmdlet.Credential </para></description><parameterValue required="true" variableLength="false">Amazon.Runtime.AWSCredentials</parameterValue><type><name>Amazon.Runtime.AWSCredentials</name><uri /></type><defaultValue>None</defaultValue></parameter><parameter required="False" variableLength="false" globbing="false" pipelineInput="True (ByPropertyName)" position="Named"><name>EndpointUrl</name><description><para>Amazon.PowerShell.Common.ServiceCmdlet.EndpointUrl </para></description><parameterValue required="true" variableLength="false">System.String</parameterValue><type><name>System.String</name><uri /></type><defaultValue>None</defaultValue></parameter><parameter required="False" variableLength="false" globbing="false" pipelineInput="True (ByPropertyName)" position="Named"><name>Force</name><description><para>This parameter overrides confirmation prompts to force  the cmdlet to continue its operation. This parameter should always be used with caution. </para></description><parameterValue required="true" variableLength="false">System.Management.Automation.SwitchParameter</parameterValue><type><name>System.Management.Automation.SwitchParameter</name><uri /></type><defaultValue>None</defaultValue></parameter><parameter required="False" variableLength="false" globbing="false" pipelineInput="True (ByValue, ByPropertyName)" position="Named"><name>NetworkCredential</name><description><para>Amazon.PowerShell.Common.AWSCommonArgumentsCmdlet.NetworkCredential </para></description><parameterValue required="true" variableLength="false">System.Management.Automation.PSCredential</parameterValue><type><name>System.Management.Automation.PSCredential</name><uri /></type><defaultValue>None</defaultValue></parameter><parameter required="False" variableLength="false" globbing="false" pipelineInput="True (ByPropertyName)" position="Named"><name>PassThru</name><description><para>Changes the cmdlet behavior to return the value passed to the ResourceArn parameter. The -PassThru parameter is deprecated, use -Select &#39;^ResourceArn&#39; instead. This parameter will be removed in a future version. </para></description><parameterValue required="true" variableLength="false">System.Management.Automation.SwitchParameter</parameterValue><type><name>System.Management.Automation.SwitchParameter</name><uri /></type><defaultValue>None</defaultValue></parameter><parameter required="False" variableLength="false" globbing="false" pipelineInput="True (ByPropertyName)" position="Named"><name>ProfileLocation</name><description><para>Amazon.PowerShell.Common.AWSCommonArgumentsCmdlet.ProfileLocation </para></description><parameterValue required="true" variableLength="false">System.String</parameterValue><type><name>System.String</name><uri /></type><defaultValue>None</defaultValue></parameter><parameter required="False" variableLength="false" globbing="false" pipelineInput="True (ByPropertyName)" position="Named"><name>ProfileName</name><description><para>Amazon.PowerShell.Common.AWSCommonArgumentsCmdlet.ProfileName </para></description><parameterValue required="true" variableLength="false">System.String</parameterValue><type><name>System.String</name><uri /></type><defaultValue>None</defaultValue></parameter><parameter required="False" variableLength="false" globbing="false" pipelineInput="True (ByPropertyName)" position="Named"><name>Region</name><description><para>Amazon.PowerShell.Common.AWSCommonArgumentsCmdlet.Region </para></description><parameterValue required="true" variableLength="false">System.Object</parameterValue><type><name>System.Object</name><uri /></type><defaultValue>None</defaultValue></parameter><parameter required="True" variableLength="false" globbing="false" pipelineInput="True (ByValue, ByPropertyName)" position="1"><name>ResourceArn</name><description><para>The Amazon Resource Name (ARN) of the resource to remove tags from. </para></description><parameterValue required="true" variableLength="false">System.String</parameterValue><type><name>System.String</name><uri /></type><defaultValue>None</defaultValue></parameter><parameter required="False" variableLength="false" globbing="false" pipelineInput="True (ByPropertyName)" position="Named"><name>SecretKey</name><description><para>Amazon.PowerShell.Common.AWSCommonArgumentsCmdlet.SecretKey </para></description><parameterValue required="true" variableLength="false">System.String</parameterValue><type><name>System.String</name><uri /></type><defaultValue>None</defaultValue></parameter><parameter required="False" variableLength="false" globbing="false" pipelineInput="True (ByPropertyName)" position="Named"><name>Select</name><description><para>Use the -Select parameter to control the cmdlet output. The cmdlet doesn&#39;t have a return value by default. Specifying -Select &#39;*&#39; will result in the cmdlet returning the whole service response (Amazon.CodeStarconnections.Model.UntagResourceResponse). Specifying -Select &#39;^ParameterName&#39; will result in the cmdlet returning the selected cmdlet parameter value. </para></description><parameterValue required="true" variableLength="false">System.String</parameterValue><type><name>System.String</name><uri /></type><defaultValue>None</defaultValue></parameter><parameter required="False" variableLength="false" globbing="false" pipelineInput="True (ByPropertyName)" position="Named"><name>SessionToken</name><description><para>Amazon.PowerShell.Common.AWSCommonArgumentsCmdlet.SessionToken </para></description><parameterValue required="true" variableLength="false">System.String</parameterValue><type><name>System.String</name><uri /></type><defaultValue>None</defaultValue></parameter><parameter required="True" variableLength="false" globbing="false" pipelineInput="True (ByPropertyName)" position="Named"><name>TagKey</name><description><para>The list of keys for the tags to be removed from the resource. </para></description><parameterValue required="true" variableLength="false">System.String[]</parameterValue><type><name>System.String[]</name><uri /></type><defaultValue>None</defaultValue></parameter></parameters><returnValues><returnValue><type><name>None or Amazon.CodeStarconnections.Model.UntagResourceResponse</name><uri /><description /></type><description><para>This cmdlet does not generate any output.The service response (type Amazon.CodeStarconnections.Model.UntagResourceResponse) can be referenced from properties attached to the cmdlet entry in the $AWSHistory stack.</para></description></returnValue></returnValues><relatedLinks><navigationLink><linkText>Online version:</linkText><uri>http://docs.aws.amazon.com/powershell/latest/reference/index.html?page=Remove-CSTCResourceTag.html&amp;tocid=Remove-CSTCResourceTag</uri></navigationLink><navigationLink><linkText>Common credential and region parameters: </linkText><uri>http://docs.aws.amazon.com/powershell/latest/reference/items/pstoolsref-commonparams.html</uri></navigationLink></relatedLinks></command><command xmlns:maml="http://schemas.microsoft.com/maml/2004/10" xmlns:command="http://schemas.microsoft.com/maml/dev/command/2004/10" xmlns:dev="http://schemas.microsoft.com/maml/dev/2004/10"><details><name>Remove-CSTCConnection</name><description><para>Calls the AWS CodeStar Connections DeleteConnection API operation.</para></description><verb>Remove</verb><noun>CSTCConnection</noun><copyright><para>&amp;copy; Copyright 2012 - 2020 Amazon.com, Inc.or its affiliates.All Rights Reserved.</para></copyright></details><description><para>The connection to be deleted. </para></description><syntax><syntaxItem><name>Remove-CSTCConnection</name><parameter required="True" variableLength="false" globbing="false" pipelineInput="True (ByValue, ByPropertyName)" position="1"><name>ConnectionArn</name><description><para>The Amazon Resource Name (ARN) of the connection to be deleted. 
The ARN is never reused if the connection is deleted. </para></description><parameterValue required="true" variableLength="false">System.String</parameterValue></parameter><parameter required="False" variableLength="false" globbing="false" pipelineInput="True (ByPropertyName)" position="Named"><name>Select</name><description><para>Use the -Select parameter to control the cmdlet output. The cmdlet doesn&#39;t have a return value by default. Specifying -Select &#39;*&#39; will result in the cmdlet returning the whole service response (Amazon.CodeStarconnections.Model.DeleteConnectionResponse). Specifying -Select &#39;^ParameterName&#39; will result in the cmdlet returning the selected cmdlet parameter value. </para></description><parameterValue required="true" variableLength="false">System.String</parameterValue></parameter><parameter required="False" variableLength="false" globbing="false" pipelineInput="True (ByPropertyName)" position="Named"><name>PassThru</name><description><para>Changes the cmdlet behavior to return the value passed to the ConnectionArn parameter. The -PassThru parameter is deprecated, use -Select &#39;^ConnectionArn&#39; instead. This parameter will be removed in a future version. </para></description><parameterValue required="true" variableLength="false">System.Management.Automation.SwitchParameter</parameterValue></parameter><parameter required="False" variableLength="false" globbing="false" pipelineInput="True (ByPropertyName)" position="Named"><name>Force</name><description><para>This parameter overrides confirmation prompts to force  the cmdlet to continue its operation. This parameter should always be used with caution. </para></description><parameterValue required="true" variableLength="false">System.Management.Automation.SwitchParameter</parameterValue></parameter><parameter required="False" variableLength="false" globbing="false" pipelineInput="True (ByPropertyName)" position="Named"><name>EndpointUrl</name><description><para>Amazon.PowerShell.Common.ServiceCmdlet.EndpointUrl </para></description><parameterValue required="true" variableLength="false">System.String</parameterValue></parameter><parameter required="False" variableLength="false" globbing="false" pipelineInput="True (ByPropertyName)" position="Named"><name>Region</name><description><para>Amazon.PowerShell.Common.AWSCommonArgumentsCmdlet.Region </para></description><parameterValue required="true" variableLength="false">System.Object</parameterValue></parameter><parameter required="False" variableLength="false" globbing="false" pipelineInput="True (ByPropertyName)" position="Named"><name>AccessKey</name><description><para>Amazon.PowerShell.Common.AWSCommonArgumentsCmdlet.AccessKey </para></description><parameterValue required="true" variableLength="false">System.String</parameterValue></parameter><parameter required="False" variableLength="false" globbing="false" pipelineInput="True (ByPropertyName)" position="Named"><name>SecretKey</name><description><para>Amazon.PowerShell.Common.AWSCommonArgumentsCmdlet.SecretKey </para></description><parameterValue required="true" variableLength="false">System.String</parameterValue></parameter><parameter required="False" variableLength="false" globbing="false" pipelineInput="True (ByPropertyName)" position="Named"><name>SessionToken</name><description><para>Amazon.PowerShell.Common.AWSCommonArgumentsCmdlet.SessionToken </para></description><parameterValue required="true" variableLength="false">System.String</parameterValue></parameter><parameter required="False" variableLength="false" globbing="false" pipelineInput="True (ByPropertyName)" position="Named"><name>ProfileName</name><description><para>Amazon.PowerShell.Common.AWSCommonArgumentsCmdlet.ProfileName </para></description><parameterValue required="true" variableLength="false">System.String</parameterValue></parameter><parameter required="False" variableLength="false" globbing="false" pipelineInput="True (ByPropertyName)" position="Named"><name>ProfileLocation</name><description><para>Amazon.PowerShell.Common.AWSCommonArgumentsCmdlet.ProfileLocation </para></description><parameterValue required="true" variableLength="false">System.String</parameterValue></parameter><parameter required="False" variableLength="false" globbing="false" pipelineInput="True (ByValue, ByPropertyName)" position="Named"><name>Credential</name><description><para>Amazon.PowerShell.Common.AWSCommonArgumentsCmdlet.Credential </para></description><parameterValue required="true" variableLength="false">Amazon.Runtime.AWSCredentials</parameterValue></parameter><parameter required="False" variableLength="false" globbing="false" pipelineInput="True (ByValue, ByPropertyName)" position="Named"><name>NetworkCredential</name><description><para>Amazon.PowerShell.Common.AWSCommonArgumentsCmdlet.NetworkCredential </para></description><parameterValue required="true" variableLength="false">System.Management.Automation.PSCredential</parameterValue></parameter></syntaxItem></syntax><parameters><parameter required="False" variableLength="false" globbing="false" pipelineInput="True (ByPropertyName)" position="Named"><name>AccessKey</name><description><para>Amazon.PowerShell.Common.AWSCommonArgumentsCmdlet.AccessKey </para></description><parameterValue required="true" variableLength="false">System.String</parameterValue><type><name>System.String</name><uri /></type><defaultValue>None</defaultValue></parameter><parameter required="True" variableLength="false" globbing="false" pipelineInput="True (ByValue, ByPropertyName)" position="1"><name>ConnectionArn</name><description><para>The Amazon Resource Name (ARN) of the connection to be deleted. 
The ARN is never reused if the connection is deleted. </para></description><parameterValue required="true" variableLength="false">System.String</parameterValue><type><name>System.String</name><uri /></type><defaultValue>None</defaultValue></parameter><parameter required="False" variableLength="false" globbing="false" pipelineInput="True (ByValue, ByPropertyName)" position="Named"><name>Credential</name><description><para>Amazon.PowerShell.Common.AWSCommonArgumentsCmdlet.Credential </para></description><parameterValue required="true" variableLength="false">Amazon.Runtime.AWSCredentials</parameterValue><type><name>Amazon.Runtime.AWSCredentials</name><uri /></type><defaultValue>None</defaultValue></parameter><parameter required="False" variableLength="false" globbing="false" pipelineInput="True (ByPropertyName)" position="Named"><name>EndpointUrl</name><description><para>Amazon.PowerShell.Common.ServiceCmdlet.EndpointUrl </para></description><parameterValue required="true" variableLength="false">System.String</parameterValue><type><name>System.String</name><uri /></type><defaultValue>None</defaultValue></parameter><parameter required="False" variableLength="false" globbing="false" pipelineInput="True (ByPropertyName)" position="Named"><name>Force</name><description><para>This parameter overrides confirmation prompts to force  the cmdlet to continue its operation. This parameter should always be used with caution. </para></description><parameterValue required="true" variableLength="false">System.Management.Automation.SwitchParameter</parameterValue><type><name>System.Management.Automation.SwitchParameter</name><uri /></type><defaultValue>None</defaultValue></parameter><parameter required="False" variableLength="false" globbing="false" pipelineInput="True (ByValue, ByPropertyName)" position="Named"><name>NetworkCredential</name><description><para>Amazon.PowerShell.Common.AWSCommonArgumentsCmdlet.NetworkCredential </para></description><parameterValue required="true" variableLength="false">System.Management.Automation.PSCredential</parameterValue><type><name>System.Management.Automation.PSCredential</name><uri /></type><defaultValue>None</defaultValue></parameter><parameter required="False" variableLength="false" globbing="false" pipelineInput="True (ByPropertyName)" position="Named"><name>PassThru</name><description><para>Changes the cmdlet behavior to return the value passed to the ConnectionArn parameter. The -PassThru parameter is deprecated, use -Select &#39;^ConnectionArn&#39; instead. This parameter will be removed in a future version. </para></description><parameterValue required="true" variableLength="false">System.Management.Automation.SwitchParameter</parameterValue><type><name>System.Management.Automation.SwitchParameter</name><uri /></type><defaultValue>None</defaultValue></parameter><parameter required="False" variableLength="false" globbing="false" pipelineInput="True (ByPropertyName)" position="Named"><name>ProfileLocation</name><description><para>Amazon.PowerShell.Common.AWSCommonArgumentsCmdlet.ProfileLocation </para></description><parameterValue required="true" variableLength="false">System.String</parameterValue><type><name>System.String</name><uri /></type><defaultValue>None</defaultValue></parameter><parameter required="False" variableLength="false" globbing="false" pipelineInput="True (ByPropertyName)" position="Named"><name>ProfileName</name><description><para>Amazon.PowerShell.Common.AWSCommonArgumentsCmdlet.ProfileName </para></description><parameterValue required="true" variableLength="false">System.String</parameterValue><type><name>System.String</name><uri /></type><defaultValue>None</defaultValue></parameter><parameter required="False" variableLength="false" globbing="false" pipelineInput="True (ByPropertyName)" position="Named"><name>Region</name><description><para>Amazon.PowerShell.Common.AWSCommonArgumentsCmdlet.Region </para></description><parameterValue required="true" variableLength="false">System.Object</parameterValue><type><name>System.Object</name><uri /></type><defaultValue>None</defaultValue></parameter><parameter required="False" variableLength="false" globbing="false" pipelineInput="True (ByPropertyName)" position="Named"><name>SecretKey</name><description><para>Amazon.PowerShell.Common.AWSCommonArgumentsCmdlet.SecretKey </para></description><parameterValue required="true" variableLength="false">System.String</parameterValue><type><name>System.String</name><uri /></type><defaultValue>None</defaultValue></parameter><parameter required="False" variableLength="false" globbing="false" pipelineInput="True (ByPropertyName)" position="Named"><name>Select</name><description><para>Use the -Select parameter to control the cmdlet output. The cmdlet doesn&#39;t have a return value by default. Specifying -Select &#39;*&#39; will result in the cmdlet returning the whole service response (Amazon.CodeStarconnections.Model.DeleteConnectionResponse). Specifying -Select &#39;^ParameterName&#39; will result in the cmdlet returning the selected cmdlet parameter value. </para></description><parameterValue required="true" variableLength="false">System.String</parameterValue><type><name>System.String</name><uri /></type><defaultValue>None</defaultValue></parameter><parameter required="False" variableLength="false" globbing="false" pipelineInput="True (ByPropertyName)" position="Named"><name>SessionToken</name><description><para>Amazon.PowerShell.Common.AWSCommonArgumentsCmdlet.SessionToken </para></description><parameterValue required="true" variableLength="false">System.String</parameterValue><type><name>System.String</name><uri /></type><defaultValue>None</defaultValue></parameter></parameters><returnValues><returnValue><type><name>None or Amazon.CodeStarconnections.Model.DeleteConnectionResponse</name><uri /><description /></type><description><para>This cmdlet does not generate any output.The service response (type Amazon.CodeStarconnections.Model.DeleteConnectionResponse) can be referenced from properties attached to the cmdlet entry in the $AWSHistory stack.</para></description></returnValue></returnValues><relatedLinks><navigationLink><linkText>Online version:</linkText><uri>http://docs.aws.amazon.com/powershell/latest/reference/index.html?page=Remove-CSTCConnection.html&amp;tocid=Remove-CSTCConnection</uri></navigationLink><navigationLink><linkText>Common credential and region parameters: </linkText><uri>http://docs.aws.amazon.com/powershell/latest/reference/items/pstoolsref-commonparams.html</uri></navigationLink></relatedLinks></command></helpItems>