<?xml version="1.0"?>
<doc>
    <assembly>
        <name>AWS.Tools.ImportExport</name>
    </assembly>
    <members>
        <member name="T:Amazon.PowerShell.Cmdlets.IE.GetIEJobCmdlet">
            <summary>
            This operation returns the jobs associated with the requester. AWS Import/Export lists
            the jobs in reverse chronological order based on the date of creation. For example
            if Job Test1 was created 2009Dec30 and Test2 was created 2010Feb05, the ListJobs operation
            would return Test2 followed by Test1.
            </summary>
        </member>
        <member name="P:Amazon.PowerShell.Cmdlets.IE.GetIEJobCmdlet.APIVersion">
            <summary>
            <para>
            The service has not provided documentation for this parameter; please refer to the service's API reference documentation for the latest available information.
            </para>
            </summary>
        </member>
        <member name="P:Amazon.PowerShell.Cmdlets.IE.GetIEJobCmdlet.MaxJob">
            <summary>
            <para>
            The service has not provided documentation for this parameter; please refer to the service's API reference documentation for the latest available information.
            </para>
            </summary>
        </member>
        <member name="P:Amazon.PowerShell.Cmdlets.IE.GetIEJobCmdlet.Marker">
            <summary>
            <para>
            The service has not provided documentation for this parameter; please refer to the service's API reference documentation for the latest available information.
            </para>
            </summary>
        </member>
        <member name="P:Amazon.PowerShell.Cmdlets.IE.GetIEJobCmdlet.Select">
            <summary>
            Use the -Select parameter to control the cmdlet output. The default value is 'Jobs'.
            Specifying -Select '*' will result in the cmdlet returning the whole service response (Amazon.ImportExport.Model.ListJobsResponse).
            Specifying the name of a property of type Amazon.ImportExport.Model.ListJobsResponse will result in that property being returned.
            Specifying -Select '^ParameterName' will result in the cmdlet returning the selected cmdlet parameter value.
            </summary>
        </member>
        <member name="P:Amazon.PowerShell.Cmdlets.IE.GetIEJobCmdlet.PassThru">
            <summary>
            Changes the cmdlet behavior to return the value passed to the MaxJob parameter.
            The -PassThru parameter is deprecated, use -Select '^MaxJob' instead. This parameter will be removed in a future version.
            </summary>
        </member>
        <member name="T:Amazon.PowerShell.Cmdlets.IE.GetIEShippingLabelCmdlet">
            <summary>
            This operation generates a pre-paid UPS shipping label that you will use to ship your
            device to AWS for processing.
            </summary>
        </member>
        <member name="P:Amazon.PowerShell.Cmdlets.IE.GetIEShippingLabelCmdlet.APIVersion">
            <summary>
            <para>
            The service has not provided documentation for this parameter; please refer to the service's API reference documentation for the latest available information.
            </para>
            </summary>
        </member>
        <member name="P:Amazon.PowerShell.Cmdlets.IE.GetIEShippingLabelCmdlet.City">
            <summary>
            <para>
            The service has not provided documentation for this parameter; please refer to the service's API reference documentation for the latest available information.
            </para>
            </summary>
        </member>
        <member name="P:Amazon.PowerShell.Cmdlets.IE.GetIEShippingLabelCmdlet.Company">
            <summary>
            <para>
            The service has not provided documentation for this parameter; please refer to the service's API reference documentation for the latest available information.
            </para>
            </summary>
        </member>
        <member name="P:Amazon.PowerShell.Cmdlets.IE.GetIEShippingLabelCmdlet.Country">
            <summary>
            <para>
            The service has not provided documentation for this parameter; please refer to the service's API reference documentation for the latest available information.
            </para>
            </summary>
        </member>
        <member name="P:Amazon.PowerShell.Cmdlets.IE.GetIEShippingLabelCmdlet.JobId">
            <summary>
            <para>
            The service has not provided documentation for this parameter; please refer to the service's API reference documentation for the latest available information.
            </para>
            </summary>
        </member>
        <member name="P:Amazon.PowerShell.Cmdlets.IE.GetIEShippingLabelCmdlet.Name">
            <summary>
            <para>
            The service has not provided documentation for this parameter; please refer to the service's API reference documentation for the latest available information.
            </para>
            </summary>
        </member>
        <member name="P:Amazon.PowerShell.Cmdlets.IE.GetIEShippingLabelCmdlet.PhoneNumber">
            <summary>
            <para>
            The service has not provided documentation for this parameter; please refer to the service's API reference documentation for the latest available information.
            </para>
            </summary>
        </member>
        <member name="P:Amazon.PowerShell.Cmdlets.IE.GetIEShippingLabelCmdlet.PostalCode">
            <summary>
            <para>
            The service has not provided documentation for this parameter; please refer to the service's API reference documentation for the latest available information.
            </para>
            </summary>
        </member>
        <member name="P:Amazon.PowerShell.Cmdlets.IE.GetIEShippingLabelCmdlet.StateOrProvince">
            <summary>
            <para>
            The service has not provided documentation for this parameter; please refer to the service's API reference documentation for the latest available information.
            </para>
            </summary>
        </member>
        <member name="P:Amazon.PowerShell.Cmdlets.IE.GetIEShippingLabelCmdlet.Street1">
            <summary>
            <para>
            The service has not provided documentation for this parameter; please refer to the service's API reference documentation for the latest available information.
            </para>
            </summary>
        </member>
        <member name="P:Amazon.PowerShell.Cmdlets.IE.GetIEShippingLabelCmdlet.Street2">
            <summary>
            <para>
            The service has not provided documentation for this parameter; please refer to the service's API reference documentation for the latest available information.
            </para>
            </summary>
        </member>
        <member name="P:Amazon.PowerShell.Cmdlets.IE.GetIEShippingLabelCmdlet.Street3">
            <summary>
            <para>
            The service has not provided documentation for this parameter; please refer to the service's API reference documentation for the latest available information.
            </para>
            </summary>
        </member>
        <member name="P:Amazon.PowerShell.Cmdlets.IE.GetIEShippingLabelCmdlet.Select">
            <summary>
            Use the -Select parameter to control the cmdlet output. The default value is '*'.
            Specifying -Select '*' will result in the cmdlet returning the whole service response (Amazon.ImportExport.Model.GetShippingLabelResponse).
            Specifying the name of a property of type Amazon.ImportExport.Model.GetShippingLabelResponse will result in that property being returned.
            Specifying -Select '^ParameterName' will result in the cmdlet returning the selected cmdlet parameter value.
            </summary>
        </member>
        <member name="P:Amazon.PowerShell.Cmdlets.IE.GetIEShippingLabelCmdlet.PassThru">
            <summary>
            Changes the cmdlet behavior to return the value passed to the JobId parameter.
            The -PassThru parameter is deprecated, use -Select '^JobId' instead. This parameter will be removed in a future version.
            </summary>
        </member>
        <member name="T:Amazon.PowerShell.Cmdlets.IE.GetIEStatusCmdlet">
            <summary>
            This operation returns information about a job, including where the job is in the
            processing pipeline, the status of the results, and the signature value associated
            with the job. You can only return information about jobs you own.
            </summary>
        </member>
        <member name="P:Amazon.PowerShell.Cmdlets.IE.GetIEStatusCmdlet.APIVersion">
            <summary>
            <para>
            The service has not provided documentation for this parameter; please refer to the service's API reference documentation for the latest available information.
            </para>
            </summary>
        </member>
        <member name="P:Amazon.PowerShell.Cmdlets.IE.GetIEStatusCmdlet.JobId">
            <summary>
            <para>
            The service has not provided documentation for this parameter; please refer to the service's API reference documentation for the latest available information.
            </para>
            </summary>
        </member>
        <member name="P:Amazon.PowerShell.Cmdlets.IE.GetIEStatusCmdlet.Select">
            <summary>
            Use the -Select parameter to control the cmdlet output. The default value is '*'.
            Specifying -Select '*' will result in the cmdlet returning the whole service response (Amazon.ImportExport.Model.GetStatusResponse).
            Specifying the name of a property of type Amazon.ImportExport.Model.GetStatusResponse will result in that property being returned.
            Specifying -Select '^ParameterName' will result in the cmdlet returning the selected cmdlet parameter value.
            </summary>
        </member>
        <member name="P:Amazon.PowerShell.Cmdlets.IE.GetIEStatusCmdlet.PassThru">
            <summary>
            Changes the cmdlet behavior to return the value passed to the JobId parameter.
            The -PassThru parameter is deprecated, use -Select '^JobId' instead. This parameter will be removed in a future version.
            </summary>
        </member>
        <member name="T:Amazon.PowerShell.Cmdlets.IE.NewIEJobCmdlet">
            <summary>
            This operation initiates the process of scheduling an upload or download of your data.
            You include in the request a manifest that describes the data transfer specifics.
            The response to the request includes a job ID, which you can use in other operations,
            a signature that you use to identify your storage device, and the address where you
            should ship your storage device.
            </summary>
        </member>
        <member name="P:Amazon.PowerShell.Cmdlets.IE.NewIEJobCmdlet.APIVersion">
            <summary>
            <para>
            The service has not provided documentation for this parameter; please refer to the service's API reference documentation for the latest available information.
            </para>
            </summary>
        </member>
        <member name="P:Amazon.PowerShell.Cmdlets.IE.NewIEJobCmdlet.JobType">
            <summary>
            <para>
            The service has not provided documentation for this parameter; please refer to the service's API reference documentation for the latest available information.
            </para>
            </summary>
        </member>
        <member name="P:Amazon.PowerShell.Cmdlets.IE.NewIEJobCmdlet.Manifest">
            <summary>
            <para>
            The service has not provided documentation for this parameter; please refer to the service's API reference documentation for the latest available information.
            </para>
            </summary>
        </member>
        <member name="P:Amazon.PowerShell.Cmdlets.IE.NewIEJobCmdlet.ManifestAddendum">
            <summary>
            <para>
            The service has not provided documentation for this parameter; please refer to the service's API reference documentation for the latest available information.
            </para>
            </summary>
        </member>
        <member name="P:Amazon.PowerShell.Cmdlets.IE.NewIEJobCmdlet.ValidateOnly">
            <summary>
            <para>
            The service has not provided documentation for this parameter; please refer to the service's API reference documentation for the latest available information.
            </para>
            </summary>
        </member>
        <member name="P:Amazon.PowerShell.Cmdlets.IE.NewIEJobCmdlet.Select">
            <summary>
            Use the -Select parameter to control the cmdlet output. The default value is '*'.
            Specifying -Select '*' will result in the cmdlet returning the whole service response (Amazon.ImportExport.Model.CreateJobResponse).
            Specifying the name of a property of type Amazon.ImportExport.Model.CreateJobResponse will result in that property being returned.
            Specifying -Select '^ParameterName' will result in the cmdlet returning the selected cmdlet parameter value.
            </summary>
        </member>
        <member name="P:Amazon.PowerShell.Cmdlets.IE.NewIEJobCmdlet.PassThru">
            <summary>
            Changes the cmdlet behavior to return the value passed to the JobType parameter.
            The -PassThru parameter is deprecated, use -Select '^JobType' instead. This parameter will be removed in a future version.
            </summary>
        </member>
        <member name="P:Amazon.PowerShell.Cmdlets.IE.NewIEJobCmdlet.Force">
            <summary>
            This parameter overrides confirmation prompts to force 
            the cmdlet to continue its operation. This parameter should always
            be used with caution.
            </summary>
        </member>
        <member name="T:Amazon.PowerShell.Cmdlets.IE.StopIEJobCmdlet">
            <summary>
            This operation cancels a specified job. Only the job owner can cancel it. The operation
            fails if the job has already started or is complete.
            </summary>
        </member>
        <member name="P:Amazon.PowerShell.Cmdlets.IE.StopIEJobCmdlet.APIVersion">
            <summary>
            <para>
            The service has not provided documentation for this parameter; please refer to the service's API reference documentation for the latest available information.
            </para>
            </summary>
        </member>
        <member name="P:Amazon.PowerShell.Cmdlets.IE.StopIEJobCmdlet.JobId">
            <summary>
            <para>
            The service has not provided documentation for this parameter; please refer to the service's API reference documentation for the latest available information.
            </para>
            </summary>
        </member>
        <member name="P:Amazon.PowerShell.Cmdlets.IE.StopIEJobCmdlet.Select">
            <summary>
            Use the -Select parameter to control the cmdlet output. The default value is 'Success'.
            Specifying -Select '*' will result in the cmdlet returning the whole service response (Amazon.ImportExport.Model.CancelJobResponse).
            Specifying the name of a property of type Amazon.ImportExport.Model.CancelJobResponse will result in that property being returned.
            Specifying -Select '^ParameterName' will result in the cmdlet returning the selected cmdlet parameter value.
            </summary>
        </member>
        <member name="P:Amazon.PowerShell.Cmdlets.IE.StopIEJobCmdlet.PassThru">
            <summary>
            Changes the cmdlet behavior to return the value passed to the JobId parameter.
            The -PassThru parameter is deprecated, use -Select '^JobId' instead. This parameter will be removed in a future version.
            </summary>
        </member>
        <member name="P:Amazon.PowerShell.Cmdlets.IE.StopIEJobCmdlet.Force">
            <summary>
            This parameter overrides confirmation prompts to force 
            the cmdlet to continue its operation. This parameter should always
            be used with caution.
            </summary>
        </member>
        <member name="T:Amazon.PowerShell.Cmdlets.IE.UpdateIEJobCmdlet">
            <summary>
            You use this operation to change the parameters specified in the original manifest
            file by supplying a new manifest file. The manifest file attached to this request
            replaces the original manifest file. You can only use the operation after a CreateJob
            request but before the data transfer starts and you can only use it on jobs you own.
            </summary>
        </member>
        <member name="P:Amazon.PowerShell.Cmdlets.IE.UpdateIEJobCmdlet.APIVersion">
            <summary>
            <para>
            The service has not provided documentation for this parameter; please refer to the service's API reference documentation for the latest available information.
            </para>
            </summary>
        </member>
        <member name="P:Amazon.PowerShell.Cmdlets.IE.UpdateIEJobCmdlet.JobId">
            <summary>
            <para>
            The service has not provided documentation for this parameter; please refer to the service's API reference documentation for the latest available information.
            </para>
            </summary>
        </member>
        <member name="P:Amazon.PowerShell.Cmdlets.IE.UpdateIEJobCmdlet.JobType">
            <summary>
            <para>
            The service has not provided documentation for this parameter; please refer to the service's API reference documentation for the latest available information.
            </para>
            </summary>
        </member>
        <member name="P:Amazon.PowerShell.Cmdlets.IE.UpdateIEJobCmdlet.Manifest">
            <summary>
            <para>
            The service has not provided documentation for this parameter; please refer to the service's API reference documentation for the latest available information.
            </para>
            </summary>
        </member>
        <member name="P:Amazon.PowerShell.Cmdlets.IE.UpdateIEJobCmdlet.ValidateOnly">
            <summary>
            <para>
            The service has not provided documentation for this parameter; please refer to the service's API reference documentation for the latest available information.
            </para>
            </summary>
        </member>
        <member name="P:Amazon.PowerShell.Cmdlets.IE.UpdateIEJobCmdlet.Select">
            <summary>
            Use the -Select parameter to control the cmdlet output. The default value is '*'.
            Specifying -Select '*' will result in the cmdlet returning the whole service response (Amazon.ImportExport.Model.UpdateJobResponse).
            Specifying the name of a property of type Amazon.ImportExport.Model.UpdateJobResponse will result in that property being returned.
            Specifying -Select '^ParameterName' will result in the cmdlet returning the selected cmdlet parameter value.
            </summary>
        </member>
        <member name="P:Amazon.PowerShell.Cmdlets.IE.UpdateIEJobCmdlet.PassThru">
            <summary>
            Changes the cmdlet behavior to return the value passed to the JobId parameter.
            The -PassThru parameter is deprecated, use -Select '^JobId' instead. This parameter will be removed in a future version.
            </summary>
        </member>
        <member name="P:Amazon.PowerShell.Cmdlets.IE.UpdateIEJobCmdlet.Force">
            <summary>
            This parameter overrides confirmation prompts to force 
            the cmdlet to continue its operation. This parameter should always
            be used with caution.
            </summary>
        </member>
    </members>
</doc>
