﻿<helpItems schema="maml"><command xmlns:maml="http://schemas.microsoft.com/maml/2004/10" xmlns:command="http://schemas.microsoft.com/maml/dev/command/2004/10" xmlns:dev="http://schemas.microsoft.com/maml/dev/2004/10"><details><name>Get-EIAccelerator</name><description><para>Calls the Amazon Elastic Inference DescribeAccelerators API operation.</para></description><verb>Get</verb><noun>EIAccelerator</noun><copyright><para>&amp;copy; Copyright 2012 - 2020 Amazon.com, Inc.or its affiliates.All Rights Reserved.</para></copyright></details><description><para>Describes information over a provided set of accelerators belonging to an account. </para></description><syntax><syntaxItem><name>Get-EIAccelerator</name><parameter required="False" variableLength="false" globbing="false" pipelineInput="True (ByPropertyName)" position="Named"><name>AcceleratorId</name><description><para> The IDs of the accelerators to describe.  </para></description><parameterValue required="true" variableLength="false">System.String[]</parameterValue></parameter><parameter required="False" variableLength="false" globbing="false" pipelineInput="True (ByPropertyName)" position="Named"><name>Filter</name><description><para> One or more filters. Filter names and values are case-sensitive. Valid filter names are: accelerator-types: can provide a list of accelerator type names to filter for. instance-id: can provide a list of EC2 instance ids to filter for.  </para></description><parameterValue required="true" variableLength="false">Amazon.ElasticInference.Model.Filter[]</parameterValue></parameter><parameter required="False" variableLength="false" globbing="false" pipelineInput="True (ByPropertyName)" position="Named"><name>MaxResult</name><description><para> The total number of items to return in the command&#39;s output. If the total number of items available is more than the value specified, a NextToken is provided in the command&#39;s output. To resume pagination, provide the NextToken value in the starting-token argument of a subsequent command. Do not use the NextToken response element directly outside of the AWS CLI.  </para></description><parameterValue required="true" variableLength="false">System.Int32</parameterValue></parameter><parameter required="False" variableLength="false" globbing="false" pipelineInput="True (ByPropertyName)" position="Named"><name>NextToken</name><description><para> A token to specify where to start paginating. This is the NextToken from a previously truncated response.  </para></description><parameterValue required="true" variableLength="false">System.String</parameterValue></parameter><parameter required="False" variableLength="false" globbing="false" pipelineInput="True (ByPropertyName)" position="Named"><name>Select</name><description><para>Use the -Select parameter to control the cmdlet output. The default value is &#39;AcceleratorSet&#39;. Specifying -Select &#39;*&#39; will result in the cmdlet returning the whole service response (Amazon.ElasticInference.Model.DescribeAcceleratorsResponse). Specifying the name of a property of type Amazon.ElasticInference.Model.DescribeAcceleratorsResponse will result in that property being returned. Specifying -Select &#39;^ParameterName&#39; will result in the cmdlet returning the selected cmdlet parameter value. </para></description><parameterValue required="true" variableLength="false">System.String</parameterValue></parameter><parameter required="False" variableLength="false" globbing="false" pipelineInput="True (ByPropertyName)" position="Named"><name>EndpointUrl</name><description><para>Amazon.PowerShell.Common.ServiceCmdlet.EndpointUrl </para></description><parameterValue required="true" variableLength="false">System.String</parameterValue></parameter><parameter required="False" variableLength="false" globbing="false" pipelineInput="True (ByPropertyName)" position="Named"><name>Region</name><description><para>Amazon.PowerShell.Common.AWSCommonArgumentsCmdlet.Region </para></description><parameterValue required="true" variableLength="false">System.Object</parameterValue></parameter><parameter required="False" variableLength="false" globbing="false" pipelineInput="True (ByPropertyName)" position="Named"><name>AccessKey</name><description><para>Amazon.PowerShell.Common.AWSCommonArgumentsCmdlet.AccessKey </para></description><parameterValue required="true" variableLength="false">System.String</parameterValue></parameter><parameter required="False" variableLength="false" globbing="false" pipelineInput="True (ByPropertyName)" position="Named"><name>SecretKey</name><description><para>Amazon.PowerShell.Common.AWSCommonArgumentsCmdlet.SecretKey </para></description><parameterValue required="true" variableLength="false">System.String</parameterValue></parameter><parameter required="False" variableLength="false" globbing="false" pipelineInput="True (ByPropertyName)" position="Named"><name>SessionToken</name><description><para>Amazon.PowerShell.Common.AWSCommonArgumentsCmdlet.SessionToken </para></description><parameterValue required="true" variableLength="false">System.String</parameterValue></parameter><parameter required="False" variableLength="false" globbing="false" pipelineInput="True (ByPropertyName)" position="Named"><name>ProfileName</name><description><para>Amazon.PowerShell.Common.AWSCommonArgumentsCmdlet.ProfileName </para></description><parameterValue required="true" variableLength="false">System.String</parameterValue></parameter><parameter required="False" variableLength="false" globbing="false" pipelineInput="True (ByPropertyName)" position="Named"><name>ProfileLocation</name><description><para>Amazon.PowerShell.Common.AWSCommonArgumentsCmdlet.ProfileLocation </para></description><parameterValue required="true" variableLength="false">System.String</parameterValue></parameter><parameter required="False" variableLength="false" globbing="false" pipelineInput="True (ByValue, ByPropertyName)" position="Named"><name>Credential</name><description><para>Amazon.PowerShell.Common.AWSCommonArgumentsCmdlet.Credential </para></description><parameterValue required="true" variableLength="false">Amazon.Runtime.AWSCredentials</parameterValue></parameter><parameter required="False" variableLength="false" globbing="false" pipelineInput="True (ByValue, ByPropertyName)" position="Named"><name>NetworkCredential</name><description><para>Amazon.PowerShell.Common.AWSCommonArgumentsCmdlet.NetworkCredential </para></description><parameterValue required="true" variableLength="false">System.Management.Automation.PSCredential</parameterValue></parameter></syntaxItem></syntax><parameters><parameter required="False" variableLength="false" globbing="false" pipelineInput="True (ByPropertyName)" position="Named"><name>AcceleratorId</name><description><para> The IDs of the accelerators to describe.  </para></description><parameterValue required="true" variableLength="false">System.String[]</parameterValue><type><name>System.String[]</name><uri /></type><defaultValue>None</defaultValue></parameter><parameter required="False" variableLength="false" globbing="false" pipelineInput="True (ByPropertyName)" position="Named"><name>AccessKey</name><description><para>Amazon.PowerShell.Common.AWSCommonArgumentsCmdlet.AccessKey </para></description><parameterValue required="true" variableLength="false">System.String</parameterValue><type><name>System.String</name><uri /></type><defaultValue>None</defaultValue></parameter><parameter required="False" variableLength="false" globbing="false" pipelineInput="True (ByValue, ByPropertyName)" position="Named"><name>Credential</name><description><para>Amazon.PowerShell.Common.AWSCommonArgumentsCmdlet.Credential </para></description><parameterValue required="true" variableLength="false">Amazon.Runtime.AWSCredentials</parameterValue><type><name>Amazon.Runtime.AWSCredentials</name><uri /></type><defaultValue>None</defaultValue></parameter><parameter required="False" variableLength="false" globbing="false" pipelineInput="True (ByPropertyName)" position="Named"><name>EndpointUrl</name><description><para>Amazon.PowerShell.Common.ServiceCmdlet.EndpointUrl </para></description><parameterValue required="true" variableLength="false">System.String</parameterValue><type><name>System.String</name><uri /></type><defaultValue>None</defaultValue></parameter><parameter required="False" variableLength="false" globbing="false" pipelineInput="True (ByPropertyName)" position="Named"><name>Filter</name><description><para> One or more filters. Filter names and values are case-sensitive. Valid filter names are: accelerator-types: can provide a list of accelerator type names to filter for. instance-id: can provide a list of EC2 instance ids to filter for.  </para></description><parameterValue required="true" variableLength="false">Amazon.ElasticInference.Model.Filter[]</parameterValue><type><name>Amazon.ElasticInference.Model.Filter[]</name><uri /></type><defaultValue>None</defaultValue></parameter><parameter required="False" variableLength="false" globbing="false" pipelineInput="True (ByPropertyName)" position="Named"><name>MaxResult</name><description><para> The total number of items to return in the command&#39;s output. If the total number of items available is more than the value specified, a NextToken is provided in the command&#39;s output. To resume pagination, provide the NextToken value in the starting-token argument of a subsequent command. Do not use the NextToken response element directly outside of the AWS CLI.  </para></description><parameterValue required="true" variableLength="false">System.Int32</parameterValue><type><name>System.Int32</name><uri /></type><defaultValue>None</defaultValue></parameter><parameter required="False" variableLength="false" globbing="false" pipelineInput="True (ByValue, ByPropertyName)" position="Named"><name>NetworkCredential</name><description><para>Amazon.PowerShell.Common.AWSCommonArgumentsCmdlet.NetworkCredential </para></description><parameterValue required="true" variableLength="false">System.Management.Automation.PSCredential</parameterValue><type><name>System.Management.Automation.PSCredential</name><uri /></type><defaultValue>None</defaultValue></parameter><parameter required="False" variableLength="false" globbing="false" pipelineInput="True (ByPropertyName)" position="Named"><name>NextToken</name><description><para> A token to specify where to start paginating. This is the NextToken from a previously truncated response.  </para></description><parameterValue required="true" variableLength="false">System.String</parameterValue><type><name>System.String</name><uri /></type><defaultValue>None</defaultValue></parameter><parameter required="False" variableLength="false" globbing="false" pipelineInput="True (ByPropertyName)" position="Named"><name>ProfileLocation</name><description><para>Amazon.PowerShell.Common.AWSCommonArgumentsCmdlet.ProfileLocation </para></description><parameterValue required="true" variableLength="false">System.String</parameterValue><type><name>System.String</name><uri /></type><defaultValue>None</defaultValue></parameter><parameter required="False" variableLength="false" globbing="false" pipelineInput="True (ByPropertyName)" position="Named"><name>ProfileName</name><description><para>Amazon.PowerShell.Common.AWSCommonArgumentsCmdlet.ProfileName </para></description><parameterValue required="true" variableLength="false">System.String</parameterValue><type><name>System.String</name><uri /></type><defaultValue>None</defaultValue></parameter><parameter required="False" variableLength="false" globbing="false" pipelineInput="True (ByPropertyName)" position="Named"><name>Region</name><description><para>Amazon.PowerShell.Common.AWSCommonArgumentsCmdlet.Region </para></description><parameterValue required="true" variableLength="false">System.Object</parameterValue><type><name>System.Object</name><uri /></type><defaultValue>None</defaultValue></parameter><parameter required="False" variableLength="false" globbing="false" pipelineInput="True (ByPropertyName)" position="Named"><name>SecretKey</name><description><para>Amazon.PowerShell.Common.AWSCommonArgumentsCmdlet.SecretKey </para></description><parameterValue required="true" variableLength="false">System.String</parameterValue><type><name>System.String</name><uri /></type><defaultValue>None</defaultValue></parameter><parameter required="False" variableLength="false" globbing="false" pipelineInput="True (ByPropertyName)" position="Named"><name>Select</name><description><para>Use the -Select parameter to control the cmdlet output. The default value is &#39;AcceleratorSet&#39;. Specifying -Select &#39;*&#39; will result in the cmdlet returning the whole service response (Amazon.ElasticInference.Model.DescribeAcceleratorsResponse). Specifying the name of a property of type Amazon.ElasticInference.Model.DescribeAcceleratorsResponse will result in that property being returned. Specifying -Select &#39;^ParameterName&#39; will result in the cmdlet returning the selected cmdlet parameter value. </para></description><parameterValue required="true" variableLength="false">System.String</parameterValue><type><name>System.String</name><uri /></type><defaultValue>None</defaultValue></parameter><parameter required="False" variableLength="false" globbing="false" pipelineInput="True (ByPropertyName)" position="Named"><name>SessionToken</name><description><para>Amazon.PowerShell.Common.AWSCommonArgumentsCmdlet.SessionToken </para></description><parameterValue required="true" variableLength="false">System.String</parameterValue><type><name>System.String</name><uri /></type><defaultValue>None</defaultValue></parameter></parameters><returnValues><returnValue><type><name>Amazon.ElasticInference.Model.ElasticInferenceAccelerator or Amazon.ElasticInference.Model.DescribeAcceleratorsResponse</name><uri /><description /></type><description><para>This cmdlet returns a collection of Amazon.ElasticInference.Model.ElasticInferenceAccelerator objects.
The service call response (type Amazon.ElasticInference.Model.DescribeAcceleratorsResponse) can also be referenced from properties attached to the cmdlet entry in the $AWSHistory stack.</para></description></returnValue></returnValues><relatedLinks><navigationLink><linkText>Online version:</linkText><uri>http://docs.aws.amazon.com/powershell/latest/reference/index.html?page=Get-EIAccelerator.html&amp;tocid=Get-EIAccelerator</uri></navigationLink><navigationLink><linkText>Common credential and region parameters: </linkText><uri>http://docs.aws.amazon.com/powershell/latest/reference/items/pstoolsref-commonparams.html</uri></navigationLink></relatedLinks></command><command xmlns:maml="http://schemas.microsoft.com/maml/2004/10" xmlns:command="http://schemas.microsoft.com/maml/dev/command/2004/10" xmlns:dev="http://schemas.microsoft.com/maml/dev/2004/10"><details><name>Add-EIResourceTag</name><description><para>Calls the Amazon Elastic Inference TagResource API operation.</para></description><verb>Add</verb><noun>EIResourceTag</noun><copyright><para>&amp;copy; Copyright 2012 - 2020 Amazon.com, Inc.or its affiliates.All Rights Reserved.</para></copyright></details><description><para>Adds the specified tags to an Elastic Inference Accelerator. </para></description><syntax><syntaxItem><name>Add-EIResourceTag</name><parameter required="True" variableLength="false" globbing="false" pipelineInput="True (ByValue, ByPropertyName)" position="1"><name>ResourceArn</name><description><para> The ARN of the Elastic Inference Accelerator to tag.  </para></description><parameterValue required="true" variableLength="false">System.String</parameterValue></parameter><parameter required="True" variableLength="false" globbing="false" pipelineInput="True (ByPropertyName)" position="Named"><name>Tag</name><description><para> The tags to add to the Elastic Inference Accelerator.  </para></description><parameterValue required="true" variableLength="false">System.Collections.Hashtable</parameterValue></parameter><parameter required="False" variableLength="false" globbing="false" pipelineInput="True (ByPropertyName)" position="Named"><name>Select</name><description><para>Use the -Select parameter to control the cmdlet output. The cmdlet doesn&#39;t have a return value by default. Specifying -Select &#39;*&#39; will result in the cmdlet returning the whole service response (Amazon.ElasticInference.Model.TagResourceResponse). Specifying -Select &#39;^ParameterName&#39; will result in the cmdlet returning the selected cmdlet parameter value. </para></description><parameterValue required="true" variableLength="false">System.String</parameterValue></parameter><parameter required="False" variableLength="false" globbing="false" pipelineInput="True (ByPropertyName)" position="Named"><name>PassThru</name><description><para>Changes the cmdlet behavior to return the value passed to the ResourceArn parameter. The -PassThru parameter is deprecated, use -Select &#39;^ResourceArn&#39; instead. This parameter will be removed in a future version. </para></description><parameterValue required="true" variableLength="false">System.Management.Automation.SwitchParameter</parameterValue></parameter><parameter required="False" variableLength="false" globbing="false" pipelineInput="True (ByPropertyName)" position="Named"><name>Force</name><description><para>This parameter overrides confirmation prompts to force  the cmdlet to continue its operation. This parameter should always be used with caution. </para></description><parameterValue required="true" variableLength="false">System.Management.Automation.SwitchParameter</parameterValue></parameter><parameter required="False" variableLength="false" globbing="false" pipelineInput="True (ByPropertyName)" position="Named"><name>EndpointUrl</name><description><para>Amazon.PowerShell.Common.ServiceCmdlet.EndpointUrl </para></description><parameterValue required="true" variableLength="false">System.String</parameterValue></parameter><parameter required="False" variableLength="false" globbing="false" pipelineInput="True (ByPropertyName)" position="Named"><name>Region</name><description><para>Amazon.PowerShell.Common.AWSCommonArgumentsCmdlet.Region </para></description><parameterValue required="true" variableLength="false">System.Object</parameterValue></parameter><parameter required="False" variableLength="false" globbing="false" pipelineInput="True (ByPropertyName)" position="Named"><name>AccessKey</name><description><para>Amazon.PowerShell.Common.AWSCommonArgumentsCmdlet.AccessKey </para></description><parameterValue required="true" variableLength="false">System.String</parameterValue></parameter><parameter required="False" variableLength="false" globbing="false" pipelineInput="True (ByPropertyName)" position="Named"><name>SecretKey</name><description><para>Amazon.PowerShell.Common.AWSCommonArgumentsCmdlet.SecretKey </para></description><parameterValue required="true" variableLength="false">System.String</parameterValue></parameter><parameter required="False" variableLength="false" globbing="false" pipelineInput="True (ByPropertyName)" position="Named"><name>SessionToken</name><description><para>Amazon.PowerShell.Common.AWSCommonArgumentsCmdlet.SessionToken </para></description><parameterValue required="true" variableLength="false">System.String</parameterValue></parameter><parameter required="False" variableLength="false" globbing="false" pipelineInput="True (ByPropertyName)" position="Named"><name>ProfileName</name><description><para>Amazon.PowerShell.Common.AWSCommonArgumentsCmdlet.ProfileName </para></description><parameterValue required="true" variableLength="false">System.String</parameterValue></parameter><parameter required="False" variableLength="false" globbing="false" pipelineInput="True (ByPropertyName)" position="Named"><name>ProfileLocation</name><description><para>Amazon.PowerShell.Common.AWSCommonArgumentsCmdlet.ProfileLocation </para></description><parameterValue required="true" variableLength="false">System.String</parameterValue></parameter><parameter required="False" variableLength="false" globbing="false" pipelineInput="True (ByValue, ByPropertyName)" position="Named"><name>Credential</name><description><para>Amazon.PowerShell.Common.AWSCommonArgumentsCmdlet.Credential </para></description><parameterValue required="true" variableLength="false">Amazon.Runtime.AWSCredentials</parameterValue></parameter><parameter required="False" variableLength="false" globbing="false" pipelineInput="True (ByValue, ByPropertyName)" position="Named"><name>NetworkCredential</name><description><para>Amazon.PowerShell.Common.AWSCommonArgumentsCmdlet.NetworkCredential </para></description><parameterValue required="true" variableLength="false">System.Management.Automation.PSCredential</parameterValue></parameter></syntaxItem></syntax><parameters><parameter required="False" variableLength="false" globbing="false" pipelineInput="True (ByPropertyName)" position="Named"><name>AccessKey</name><description><para>Amazon.PowerShell.Common.AWSCommonArgumentsCmdlet.AccessKey </para></description><parameterValue required="true" variableLength="false">System.String</parameterValue><type><name>System.String</name><uri /></type><defaultValue>None</defaultValue></parameter><parameter required="False" variableLength="false" globbing="false" pipelineInput="True (ByValue, ByPropertyName)" position="Named"><name>Credential</name><description><para>Amazon.PowerShell.Common.AWSCommonArgumentsCmdlet.Credential </para></description><parameterValue required="true" variableLength="false">Amazon.Runtime.AWSCredentials</parameterValue><type><name>Amazon.Runtime.AWSCredentials</name><uri /></type><defaultValue>None</defaultValue></parameter><parameter required="False" variableLength="false" globbing="false" pipelineInput="True (ByPropertyName)" position="Named"><name>EndpointUrl</name><description><para>Amazon.PowerShell.Common.ServiceCmdlet.EndpointUrl </para></description><parameterValue required="true" variableLength="false">System.String</parameterValue><type><name>System.String</name><uri /></type><defaultValue>None</defaultValue></parameter><parameter required="False" variableLength="false" globbing="false" pipelineInput="True (ByPropertyName)" position="Named"><name>Force</name><description><para>This parameter overrides confirmation prompts to force  the cmdlet to continue its operation. This parameter should always be used with caution. </para></description><parameterValue required="true" variableLength="false">System.Management.Automation.SwitchParameter</parameterValue><type><name>System.Management.Automation.SwitchParameter</name><uri /></type><defaultValue>None</defaultValue></parameter><parameter required="False" variableLength="false" globbing="false" pipelineInput="True (ByValue, ByPropertyName)" position="Named"><name>NetworkCredential</name><description><para>Amazon.PowerShell.Common.AWSCommonArgumentsCmdlet.NetworkCredential </para></description><parameterValue required="true" variableLength="false">System.Management.Automation.PSCredential</parameterValue><type><name>System.Management.Automation.PSCredential</name><uri /></type><defaultValue>None</defaultValue></parameter><parameter required="False" variableLength="false" globbing="false" pipelineInput="True (ByPropertyName)" position="Named"><name>PassThru</name><description><para>Changes the cmdlet behavior to return the value passed to the ResourceArn parameter. The -PassThru parameter is deprecated, use -Select &#39;^ResourceArn&#39; instead. This parameter will be removed in a future version. </para></description><parameterValue required="true" variableLength="false">System.Management.Automation.SwitchParameter</parameterValue><type><name>System.Management.Automation.SwitchParameter</name><uri /></type><defaultValue>None</defaultValue></parameter><parameter required="False" variableLength="false" globbing="false" pipelineInput="True (ByPropertyName)" position="Named"><name>ProfileLocation</name><description><para>Amazon.PowerShell.Common.AWSCommonArgumentsCmdlet.ProfileLocation </para></description><parameterValue required="true" variableLength="false">System.String</parameterValue><type><name>System.String</name><uri /></type><defaultValue>None</defaultValue></parameter><parameter required="False" variableLength="false" globbing="false" pipelineInput="True (ByPropertyName)" position="Named"><name>ProfileName</name><description><para>Amazon.PowerShell.Common.AWSCommonArgumentsCmdlet.ProfileName </para></description><parameterValue required="true" variableLength="false">System.String</parameterValue><type><name>System.String</name><uri /></type><defaultValue>None</defaultValue></parameter><parameter required="False" variableLength="false" globbing="false" pipelineInput="True (ByPropertyName)" position="Named"><name>Region</name><description><para>Amazon.PowerShell.Common.AWSCommonArgumentsCmdlet.Region </para></description><parameterValue required="true" variableLength="false">System.Object</parameterValue><type><name>System.Object</name><uri /></type><defaultValue>None</defaultValue></parameter><parameter required="True" variableLength="false" globbing="false" pipelineInput="True (ByValue, ByPropertyName)" position="1"><name>ResourceArn</name><description><para> The ARN of the Elastic Inference Accelerator to tag.  </para></description><parameterValue required="true" variableLength="false">System.String</parameterValue><type><name>System.String</name><uri /></type><defaultValue>None</defaultValue></parameter><parameter required="False" variableLength="false" globbing="false" pipelineInput="True (ByPropertyName)" position="Named"><name>SecretKey</name><description><para>Amazon.PowerShell.Common.AWSCommonArgumentsCmdlet.SecretKey </para></description><parameterValue required="true" variableLength="false">System.String</parameterValue><type><name>System.String</name><uri /></type><defaultValue>None</defaultValue></parameter><parameter required="False" variableLength="false" globbing="false" pipelineInput="True (ByPropertyName)" position="Named"><name>Select</name><description><para>Use the -Select parameter to control the cmdlet output. The cmdlet doesn&#39;t have a return value by default. Specifying -Select &#39;*&#39; will result in the cmdlet returning the whole service response (Amazon.ElasticInference.Model.TagResourceResponse). Specifying -Select &#39;^ParameterName&#39; will result in the cmdlet returning the selected cmdlet parameter value. </para></description><parameterValue required="true" variableLength="false">System.String</parameterValue><type><name>System.String</name><uri /></type><defaultValue>None</defaultValue></parameter><parameter required="False" variableLength="false" globbing="false" pipelineInput="True (ByPropertyName)" position="Named"><name>SessionToken</name><description><para>Amazon.PowerShell.Common.AWSCommonArgumentsCmdlet.SessionToken </para></description><parameterValue required="true" variableLength="false">System.String</parameterValue><type><name>System.String</name><uri /></type><defaultValue>None</defaultValue></parameter><parameter required="True" variableLength="false" globbing="false" pipelineInput="True (ByPropertyName)" position="Named"><name>Tag</name><description><para> The tags to add to the Elastic Inference Accelerator.  </para></description><parameterValue required="true" variableLength="false">System.Collections.Hashtable</parameterValue><type><name>System.Collections.Hashtable</name><uri /></type><defaultValue>None</defaultValue></parameter></parameters><returnValues><returnValue><type><name>None or Amazon.ElasticInference.Model.TagResourceResponse</name><uri /><description /></type><description><para>This cmdlet does not generate any output.The service response (type Amazon.ElasticInference.Model.TagResourceResponse) can be referenced from properties attached to the cmdlet entry in the $AWSHistory stack.</para></description></returnValue></returnValues><relatedLinks><navigationLink><linkText>Online version:</linkText><uri>http://docs.aws.amazon.com/powershell/latest/reference/index.html?page=Add-EIResourceTag.html&amp;tocid=Add-EIResourceTag</uri></navigationLink><navigationLink><linkText>Common credential and region parameters: </linkText><uri>http://docs.aws.amazon.com/powershell/latest/reference/items/pstoolsref-commonparams.html</uri></navigationLink></relatedLinks></command><command xmlns:maml="http://schemas.microsoft.com/maml/2004/10" xmlns:command="http://schemas.microsoft.com/maml/dev/command/2004/10" xmlns:dev="http://schemas.microsoft.com/maml/dev/2004/10"><details><name>Get-EIAcceleratorOffering</name><description><para>Calls the Amazon Elastic Inference DescribeAcceleratorOfferings API operation.</para></description><verb>Get</verb><noun>EIAcceleratorOffering</noun><copyright><para>&amp;copy; Copyright 2012 - 2020 Amazon.com, Inc.or its affiliates.All Rights Reserved.</para></copyright></details><description><para>Describes the locations in which a given accelerator type or set of types is present in a given region. </para></description><syntax><syntaxItem><name>Get-EIAcceleratorOffering</name><parameter required="True" variableLength="false" globbing="false" pipelineInput="True (ByValue, ByPropertyName)" position="1"><name>LocationType</name><description><para> The location type that you want to describe accelerator type offerings for. It can assume the following values: region: will return the accelerator type offering at the regional level. availability-zone: will return the accelerator type offering at the availability zone level. availability-zone-id: will return the accelerator type offering at the availability zone level returning the availability zone id.  </para></description><parameterValue required="true" variableLength="false">Amazon.ElasticInference.LocationType</parameterValue></parameter><parameter required="False" variableLength="false" globbing="false" pipelineInput="True (ByPropertyName)" position="Named"><name>AcceleratorType</name><description><para> The list of accelerator types to describe.  </para></description><parameterValue required="true" variableLength="false">System.String[]</parameterValue></parameter><parameter required="False" variableLength="false" globbing="false" pipelineInput="True (ByPropertyName)" position="Named"><name>Select</name><description><para>Use the -Select parameter to control the cmdlet output. The default value is &#39;AcceleratorTypeOfferings&#39;. Specifying -Select &#39;*&#39; will result in the cmdlet returning the whole service response (Amazon.ElasticInference.Model.DescribeAcceleratorOfferingsResponse). Specifying the name of a property of type Amazon.ElasticInference.Model.DescribeAcceleratorOfferingsResponse will result in that property being returned. Specifying -Select &#39;^ParameterName&#39; will result in the cmdlet returning the selected cmdlet parameter value. </para></description><parameterValue required="true" variableLength="false">System.String</parameterValue></parameter><parameter required="False" variableLength="false" globbing="false" pipelineInput="True (ByPropertyName)" position="Named"><name>PassThru</name><description><para>Changes the cmdlet behavior to return the value passed to the LocationType parameter. The -PassThru parameter is deprecated, use -Select &#39;^LocationType&#39; instead. This parameter will be removed in a future version. </para></description><parameterValue required="true" variableLength="false">System.Management.Automation.SwitchParameter</parameterValue></parameter><parameter required="False" variableLength="false" globbing="false" pipelineInput="True (ByPropertyName)" position="Named"><name>EndpointUrl</name><description><para>Amazon.PowerShell.Common.ServiceCmdlet.EndpointUrl </para></description><parameterValue required="true" variableLength="false">System.String</parameterValue></parameter><parameter required="False" variableLength="false" globbing="false" pipelineInput="True (ByPropertyName)" position="Named"><name>Region</name><description><para>Amazon.PowerShell.Common.AWSCommonArgumentsCmdlet.Region </para></description><parameterValue required="true" variableLength="false">System.Object</parameterValue></parameter><parameter required="False" variableLength="false" globbing="false" pipelineInput="True (ByPropertyName)" position="Named"><name>AccessKey</name><description><para>Amazon.PowerShell.Common.AWSCommonArgumentsCmdlet.AccessKey </para></description><parameterValue required="true" variableLength="false">System.String</parameterValue></parameter><parameter required="False" variableLength="false" globbing="false" pipelineInput="True (ByPropertyName)" position="Named"><name>SecretKey</name><description><para>Amazon.PowerShell.Common.AWSCommonArgumentsCmdlet.SecretKey </para></description><parameterValue required="true" variableLength="false">System.String</parameterValue></parameter><parameter required="False" variableLength="false" globbing="false" pipelineInput="True (ByPropertyName)" position="Named"><name>SessionToken</name><description><para>Amazon.PowerShell.Common.AWSCommonArgumentsCmdlet.SessionToken </para></description><parameterValue required="true" variableLength="false">System.String</parameterValue></parameter><parameter required="False" variableLength="false" globbing="false" pipelineInput="True (ByPropertyName)" position="Named"><name>ProfileName</name><description><para>Amazon.PowerShell.Common.AWSCommonArgumentsCmdlet.ProfileName </para></description><parameterValue required="true" variableLength="false">System.String</parameterValue></parameter><parameter required="False" variableLength="false" globbing="false" pipelineInput="True (ByPropertyName)" position="Named"><name>ProfileLocation</name><description><para>Amazon.PowerShell.Common.AWSCommonArgumentsCmdlet.ProfileLocation </para></description><parameterValue required="true" variableLength="false">System.String</parameterValue></parameter><parameter required="False" variableLength="false" globbing="false" pipelineInput="True (ByValue, ByPropertyName)" position="Named"><name>Credential</name><description><para>Amazon.PowerShell.Common.AWSCommonArgumentsCmdlet.Credential </para></description><parameterValue required="true" variableLength="false">Amazon.Runtime.AWSCredentials</parameterValue></parameter><parameter required="False" variableLength="false" globbing="false" pipelineInput="True (ByValue, ByPropertyName)" position="Named"><name>NetworkCredential</name><description><para>Amazon.PowerShell.Common.AWSCommonArgumentsCmdlet.NetworkCredential </para></description><parameterValue required="true" variableLength="false">System.Management.Automation.PSCredential</parameterValue></parameter></syntaxItem></syntax><parameters><parameter required="False" variableLength="false" globbing="false" pipelineInput="True (ByPropertyName)" position="Named"><name>AcceleratorType</name><description><para> The list of accelerator types to describe.  </para></description><parameterValue required="true" variableLength="false">System.String[]</parameterValue><type><name>System.String[]</name><uri /></type><defaultValue>None</defaultValue></parameter><parameter required="False" variableLength="false" globbing="false" pipelineInput="True (ByPropertyName)" position="Named"><name>AccessKey</name><description><para>Amazon.PowerShell.Common.AWSCommonArgumentsCmdlet.AccessKey </para></description><parameterValue required="true" variableLength="false">System.String</parameterValue><type><name>System.String</name><uri /></type><defaultValue>None</defaultValue></parameter><parameter required="False" variableLength="false" globbing="false" pipelineInput="True (ByValue, ByPropertyName)" position="Named"><name>Credential</name><description><para>Amazon.PowerShell.Common.AWSCommonArgumentsCmdlet.Credential </para></description><parameterValue required="true" variableLength="false">Amazon.Runtime.AWSCredentials</parameterValue><type><name>Amazon.Runtime.AWSCredentials</name><uri /></type><defaultValue>None</defaultValue></parameter><parameter required="False" variableLength="false" globbing="false" pipelineInput="True (ByPropertyName)" position="Named"><name>EndpointUrl</name><description><para>Amazon.PowerShell.Common.ServiceCmdlet.EndpointUrl </para></description><parameterValue required="true" variableLength="false">System.String</parameterValue><type><name>System.String</name><uri /></type><defaultValue>None</defaultValue></parameter><parameter required="True" variableLength="false" globbing="false" pipelineInput="True (ByValue, ByPropertyName)" position="1"><name>LocationType</name><description><para> The location type that you want to describe accelerator type offerings for. It can assume the following values: region: will return the accelerator type offering at the regional level. availability-zone: will return the accelerator type offering at the availability zone level. availability-zone-id: will return the accelerator type offering at the availability zone level returning the availability zone id.  </para></description><parameterValue required="true" variableLength="false">Amazon.ElasticInference.LocationType</parameterValue><type><name>Amazon.ElasticInference.LocationType</name><uri /></type><defaultValue>None</defaultValue></parameter><parameter required="False" variableLength="false" globbing="false" pipelineInput="True (ByValue, ByPropertyName)" position="Named"><name>NetworkCredential</name><description><para>Amazon.PowerShell.Common.AWSCommonArgumentsCmdlet.NetworkCredential </para></description><parameterValue required="true" variableLength="false">System.Management.Automation.PSCredential</parameterValue><type><name>System.Management.Automation.PSCredential</name><uri /></type><defaultValue>None</defaultValue></parameter><parameter required="False" variableLength="false" globbing="false" pipelineInput="True (ByPropertyName)" position="Named"><name>PassThru</name><description><para>Changes the cmdlet behavior to return the value passed to the LocationType parameter. The -PassThru parameter is deprecated, use -Select &#39;^LocationType&#39; instead. This parameter will be removed in a future version. </para></description><parameterValue required="true" variableLength="false">System.Management.Automation.SwitchParameter</parameterValue><type><name>System.Management.Automation.SwitchParameter</name><uri /></type><defaultValue>None</defaultValue></parameter><parameter required="False" variableLength="false" globbing="false" pipelineInput="True (ByPropertyName)" position="Named"><name>ProfileLocation</name><description><para>Amazon.PowerShell.Common.AWSCommonArgumentsCmdlet.ProfileLocation </para></description><parameterValue required="true" variableLength="false">System.String</parameterValue><type><name>System.String</name><uri /></type><defaultValue>None</defaultValue></parameter><parameter required="False" variableLength="false" globbing="false" pipelineInput="True (ByPropertyName)" position="Named"><name>ProfileName</name><description><para>Amazon.PowerShell.Common.AWSCommonArgumentsCmdlet.ProfileName </para></description><parameterValue required="true" variableLength="false">System.String</parameterValue><type><name>System.String</name><uri /></type><defaultValue>None</defaultValue></parameter><parameter required="False" variableLength="false" globbing="false" pipelineInput="True (ByPropertyName)" position="Named"><name>Region</name><description><para>Amazon.PowerShell.Common.AWSCommonArgumentsCmdlet.Region </para></description><parameterValue required="true" variableLength="false">System.Object</parameterValue><type><name>System.Object</name><uri /></type><defaultValue>None</defaultValue></parameter><parameter required="False" variableLength="false" globbing="false" pipelineInput="True (ByPropertyName)" position="Named"><name>SecretKey</name><description><para>Amazon.PowerShell.Common.AWSCommonArgumentsCmdlet.SecretKey </para></description><parameterValue required="true" variableLength="false">System.String</parameterValue><type><name>System.String</name><uri /></type><defaultValue>None</defaultValue></parameter><parameter required="False" variableLength="false" globbing="false" pipelineInput="True (ByPropertyName)" position="Named"><name>Select</name><description><para>Use the -Select parameter to control the cmdlet output. The default value is &#39;AcceleratorTypeOfferings&#39;. Specifying -Select &#39;*&#39; will result in the cmdlet returning the whole service response (Amazon.ElasticInference.Model.DescribeAcceleratorOfferingsResponse). Specifying the name of a property of type Amazon.ElasticInference.Model.DescribeAcceleratorOfferingsResponse will result in that property being returned. Specifying -Select &#39;^ParameterName&#39; will result in the cmdlet returning the selected cmdlet parameter value. </para></description><parameterValue required="true" variableLength="false">System.String</parameterValue><type><name>System.String</name><uri /></type><defaultValue>None</defaultValue></parameter><parameter required="False" variableLength="false" globbing="false" pipelineInput="True (ByPropertyName)" position="Named"><name>SessionToken</name><description><para>Amazon.PowerShell.Common.AWSCommonArgumentsCmdlet.SessionToken </para></description><parameterValue required="true" variableLength="false">System.String</parameterValue><type><name>System.String</name><uri /></type><defaultValue>None</defaultValue></parameter></parameters><returnValues><returnValue><type><name>Amazon.ElasticInference.Model.AcceleratorTypeOffering or Amazon.ElasticInference.Model.DescribeAcceleratorOfferingsResponse</name><uri /><description /></type><description><para>This cmdlet returns a collection of Amazon.ElasticInference.Model.AcceleratorTypeOffering objects.
The service call response (type Amazon.ElasticInference.Model.DescribeAcceleratorOfferingsResponse) can also be referenced from properties attached to the cmdlet entry in the $AWSHistory stack.</para></description></returnValue></returnValues><relatedLinks><navigationLink><linkText>Online version:</linkText><uri>http://docs.aws.amazon.com/powershell/latest/reference/index.html?page=Get-EIAcceleratorOffering.html&amp;tocid=Get-EIAcceleratorOffering</uri></navigationLink><navigationLink><linkText>Common credential and region parameters: </linkText><uri>http://docs.aws.amazon.com/powershell/latest/reference/items/pstoolsref-commonparams.html</uri></navigationLink></relatedLinks></command><command xmlns:maml="http://schemas.microsoft.com/maml/2004/10" xmlns:command="http://schemas.microsoft.com/maml/dev/command/2004/10" xmlns:dev="http://schemas.microsoft.com/maml/dev/2004/10"><details><name>Remove-EIResourceTag</name><description><para>Calls the Amazon Elastic Inference UntagResource API operation.</para></description><verb>Remove</verb><noun>EIResourceTag</noun><copyright><para>&amp;copy; Copyright 2012 - 2020 Amazon.com, Inc.or its affiliates.All Rights Reserved.</para></copyright></details><description><para>Removes the specified tags from an Elastic Inference Accelerator. </para></description><syntax><syntaxItem><name>Remove-EIResourceTag</name><parameter required="True" variableLength="false" globbing="false" pipelineInput="True (ByValue, ByPropertyName)" position="1"><name>ResourceArn</name><description><para> The ARN of the Elastic Inference Accelerator to untag.  </para></description><parameterValue required="true" variableLength="false">System.String</parameterValue></parameter><parameter required="True" variableLength="false" globbing="false" pipelineInput="True (ByPropertyName)" position="Named"><name>TagKey</name><description><para> The list of tags to remove from the Elastic Inference Accelerator.  </para></description><parameterValue required="true" variableLength="false">System.String[]</parameterValue></parameter><parameter required="False" variableLength="false" globbing="false" pipelineInput="True (ByPropertyName)" position="Named"><name>Select</name><description><para>Use the -Select parameter to control the cmdlet output. The cmdlet doesn&#39;t have a return value by default. Specifying -Select &#39;*&#39; will result in the cmdlet returning the whole service response (Amazon.ElasticInference.Model.UntagResourceResponse). Specifying -Select &#39;^ParameterName&#39; will result in the cmdlet returning the selected cmdlet parameter value. </para></description><parameterValue required="true" variableLength="false">System.String</parameterValue></parameter><parameter required="False" variableLength="false" globbing="false" pipelineInput="True (ByPropertyName)" position="Named"><name>PassThru</name><description><para>Changes the cmdlet behavior to return the value passed to the ResourceArn parameter. The -PassThru parameter is deprecated, use -Select &#39;^ResourceArn&#39; instead. This parameter will be removed in a future version. </para></description><parameterValue required="true" variableLength="false">System.Management.Automation.SwitchParameter</parameterValue></parameter><parameter required="False" variableLength="false" globbing="false" pipelineInput="True (ByPropertyName)" position="Named"><name>Force</name><description><para>This parameter overrides confirmation prompts to force  the cmdlet to continue its operation. This parameter should always be used with caution. </para></description><parameterValue required="true" variableLength="false">System.Management.Automation.SwitchParameter</parameterValue></parameter><parameter required="False" variableLength="false" globbing="false" pipelineInput="True (ByPropertyName)" position="Named"><name>EndpointUrl</name><description><para>Amazon.PowerShell.Common.ServiceCmdlet.EndpointUrl </para></description><parameterValue required="true" variableLength="false">System.String</parameterValue></parameter><parameter required="False" variableLength="false" globbing="false" pipelineInput="True (ByPropertyName)" position="Named"><name>Region</name><description><para>Amazon.PowerShell.Common.AWSCommonArgumentsCmdlet.Region </para></description><parameterValue required="true" variableLength="false">System.Object</parameterValue></parameter><parameter required="False" variableLength="false" globbing="false" pipelineInput="True (ByPropertyName)" position="Named"><name>AccessKey</name><description><para>Amazon.PowerShell.Common.AWSCommonArgumentsCmdlet.AccessKey </para></description><parameterValue required="true" variableLength="false">System.String</parameterValue></parameter><parameter required="False" variableLength="false" globbing="false" pipelineInput="True (ByPropertyName)" position="Named"><name>SecretKey</name><description><para>Amazon.PowerShell.Common.AWSCommonArgumentsCmdlet.SecretKey </para></description><parameterValue required="true" variableLength="false">System.String</parameterValue></parameter><parameter required="False" variableLength="false" globbing="false" pipelineInput="True (ByPropertyName)" position="Named"><name>SessionToken</name><description><para>Amazon.PowerShell.Common.AWSCommonArgumentsCmdlet.SessionToken </para></description><parameterValue required="true" variableLength="false">System.String</parameterValue></parameter><parameter required="False" variableLength="false" globbing="false" pipelineInput="True (ByPropertyName)" position="Named"><name>ProfileName</name><description><para>Amazon.PowerShell.Common.AWSCommonArgumentsCmdlet.ProfileName </para></description><parameterValue required="true" variableLength="false">System.String</parameterValue></parameter><parameter required="False" variableLength="false" globbing="false" pipelineInput="True (ByPropertyName)" position="Named"><name>ProfileLocation</name><description><para>Amazon.PowerShell.Common.AWSCommonArgumentsCmdlet.ProfileLocation </para></description><parameterValue required="true" variableLength="false">System.String</parameterValue></parameter><parameter required="False" variableLength="false" globbing="false" pipelineInput="True (ByValue, ByPropertyName)" position="Named"><name>Credential</name><description><para>Amazon.PowerShell.Common.AWSCommonArgumentsCmdlet.Credential </para></description><parameterValue required="true" variableLength="false">Amazon.Runtime.AWSCredentials</parameterValue></parameter><parameter required="False" variableLength="false" globbing="false" pipelineInput="True (ByValue, ByPropertyName)" position="Named"><name>NetworkCredential</name><description><para>Amazon.PowerShell.Common.AWSCommonArgumentsCmdlet.NetworkCredential </para></description><parameterValue required="true" variableLength="false">System.Management.Automation.PSCredential</parameterValue></parameter></syntaxItem></syntax><parameters><parameter required="False" variableLength="false" globbing="false" pipelineInput="True (ByPropertyName)" position="Named"><name>AccessKey</name><description><para>Amazon.PowerShell.Common.AWSCommonArgumentsCmdlet.AccessKey </para></description><parameterValue required="true" variableLength="false">System.String</parameterValue><type><name>System.String</name><uri /></type><defaultValue>None</defaultValue></parameter><parameter required="False" variableLength="false" globbing="false" pipelineInput="True (ByValue, ByPropertyName)" position="Named"><name>Credential</name><description><para>Amazon.PowerShell.Common.AWSCommonArgumentsCmdlet.Credential </para></description><parameterValue required="true" variableLength="false">Amazon.Runtime.AWSCredentials</parameterValue><type><name>Amazon.Runtime.AWSCredentials</name><uri /></type><defaultValue>None</defaultValue></parameter><parameter required="False" variableLength="false" globbing="false" pipelineInput="True (ByPropertyName)" position="Named"><name>EndpointUrl</name><description><para>Amazon.PowerShell.Common.ServiceCmdlet.EndpointUrl </para></description><parameterValue required="true" variableLength="false">System.String</parameterValue><type><name>System.String</name><uri /></type><defaultValue>None</defaultValue></parameter><parameter required="False" variableLength="false" globbing="false" pipelineInput="True (ByPropertyName)" position="Named"><name>Force</name><description><para>This parameter overrides confirmation prompts to force  the cmdlet to continue its operation. This parameter should always be used with caution. </para></description><parameterValue required="true" variableLength="false">System.Management.Automation.SwitchParameter</parameterValue><type><name>System.Management.Automation.SwitchParameter</name><uri /></type><defaultValue>None</defaultValue></parameter><parameter required="False" variableLength="false" globbing="false" pipelineInput="True (ByValue, ByPropertyName)" position="Named"><name>NetworkCredential</name><description><para>Amazon.PowerShell.Common.AWSCommonArgumentsCmdlet.NetworkCredential </para></description><parameterValue required="true" variableLength="false">System.Management.Automation.PSCredential</parameterValue><type><name>System.Management.Automation.PSCredential</name><uri /></type><defaultValue>None</defaultValue></parameter><parameter required="False" variableLength="false" globbing="false" pipelineInput="True (ByPropertyName)" position="Named"><name>PassThru</name><description><para>Changes the cmdlet behavior to return the value passed to the ResourceArn parameter. The -PassThru parameter is deprecated, use -Select &#39;^ResourceArn&#39; instead. This parameter will be removed in a future version. </para></description><parameterValue required="true" variableLength="false">System.Management.Automation.SwitchParameter</parameterValue><type><name>System.Management.Automation.SwitchParameter</name><uri /></type><defaultValue>None</defaultValue></parameter><parameter required="False" variableLength="false" globbing="false" pipelineInput="True (ByPropertyName)" position="Named"><name>ProfileLocation</name><description><para>Amazon.PowerShell.Common.AWSCommonArgumentsCmdlet.ProfileLocation </para></description><parameterValue required="true" variableLength="false">System.String</parameterValue><type><name>System.String</name><uri /></type><defaultValue>None</defaultValue></parameter><parameter required="False" variableLength="false" globbing="false" pipelineInput="True (ByPropertyName)" position="Named"><name>ProfileName</name><description><para>Amazon.PowerShell.Common.AWSCommonArgumentsCmdlet.ProfileName </para></description><parameterValue required="true" variableLength="false">System.String</parameterValue><type><name>System.String</name><uri /></type><defaultValue>None</defaultValue></parameter><parameter required="False" variableLength="false" globbing="false" pipelineInput="True (ByPropertyName)" position="Named"><name>Region</name><description><para>Amazon.PowerShell.Common.AWSCommonArgumentsCmdlet.Region </para></description><parameterValue required="true" variableLength="false">System.Object</parameterValue><type><name>System.Object</name><uri /></type><defaultValue>None</defaultValue></parameter><parameter required="True" variableLength="false" globbing="false" pipelineInput="True (ByValue, ByPropertyName)" position="1"><name>ResourceArn</name><description><para> The ARN of the Elastic Inference Accelerator to untag.  </para></description><parameterValue required="true" variableLength="false">System.String</parameterValue><type><name>System.String</name><uri /></type><defaultValue>None</defaultValue></parameter><parameter required="False" variableLength="false" globbing="false" pipelineInput="True (ByPropertyName)" position="Named"><name>SecretKey</name><description><para>Amazon.PowerShell.Common.AWSCommonArgumentsCmdlet.SecretKey </para></description><parameterValue required="true" variableLength="false">System.String</parameterValue><type><name>System.String</name><uri /></type><defaultValue>None</defaultValue></parameter><parameter required="False" variableLength="false" globbing="false" pipelineInput="True (ByPropertyName)" position="Named"><name>Select</name><description><para>Use the -Select parameter to control the cmdlet output. The cmdlet doesn&#39;t have a return value by default. Specifying -Select &#39;*&#39; will result in the cmdlet returning the whole service response (Amazon.ElasticInference.Model.UntagResourceResponse). Specifying -Select &#39;^ParameterName&#39; will result in the cmdlet returning the selected cmdlet parameter value. </para></description><parameterValue required="true" variableLength="false">System.String</parameterValue><type><name>System.String</name><uri /></type><defaultValue>None</defaultValue></parameter><parameter required="False" variableLength="false" globbing="false" pipelineInput="True (ByPropertyName)" position="Named"><name>SessionToken</name><description><para>Amazon.PowerShell.Common.AWSCommonArgumentsCmdlet.SessionToken </para></description><parameterValue required="true" variableLength="false">System.String</parameterValue><type><name>System.String</name><uri /></type><defaultValue>None</defaultValue></parameter><parameter required="True" variableLength="false" globbing="false" pipelineInput="True (ByPropertyName)" position="Named"><name>TagKey</name><description><para> The list of tags to remove from the Elastic Inference Accelerator.  </para></description><parameterValue required="true" variableLength="false">System.String[]</parameterValue><type><name>System.String[]</name><uri /></type><defaultValue>None</defaultValue></parameter></parameters><returnValues><returnValue><type><name>None or Amazon.ElasticInference.Model.UntagResourceResponse</name><uri /><description /></type><description><para>This cmdlet does not generate any output.The service response (type Amazon.ElasticInference.Model.UntagResourceResponse) can be referenced from properties attached to the cmdlet entry in the $AWSHistory stack.</para></description></returnValue></returnValues><relatedLinks><navigationLink><linkText>Online version:</linkText><uri>http://docs.aws.amazon.com/powershell/latest/reference/index.html?page=Remove-EIResourceTag.html&amp;tocid=Remove-EIResourceTag</uri></navigationLink><navigationLink><linkText>Common credential and region parameters: </linkText><uri>http://docs.aws.amazon.com/powershell/latest/reference/items/pstoolsref-commonparams.html</uri></navigationLink></relatedLinks></command><command xmlns:maml="http://schemas.microsoft.com/maml/2004/10" xmlns:command="http://schemas.microsoft.com/maml/dev/command/2004/10" xmlns:dev="http://schemas.microsoft.com/maml/dev/2004/10"><details><name>Get-EIAcceleratorType</name><description><para>Calls the Amazon Elastic Inference DescribeAcceleratorTypes API operation.</para></description><verb>Get</verb><noun>EIAcceleratorType</noun><copyright><para>&amp;copy; Copyright 2012 - 2020 Amazon.com, Inc.or its affiliates.All Rights Reserved.</para></copyright></details><description><para>Describes the accelerator types available in a given region, as well as their characteristics, such as memory and throughput. </para></description><syntax><syntaxItem><name>Get-EIAcceleratorType</name><parameter required="False" variableLength="false" globbing="false" pipelineInput="True (ByPropertyName)" position="Named"><name>Select</name><description><para>Use the -Select parameter to control the cmdlet output. The default value is &#39;AcceleratorTypes&#39;. Specifying -Select &#39;*&#39; will result in the cmdlet returning the whole service response (Amazon.ElasticInference.Model.DescribeAcceleratorTypesResponse). Specifying the name of a property of type Amazon.ElasticInference.Model.DescribeAcceleratorTypesResponse will result in that property being returned. Specifying -Select &#39;^ParameterName&#39; will result in the cmdlet returning the selected cmdlet parameter value. </para></description><parameterValue required="true" variableLength="false">System.String</parameterValue></parameter><parameter required="False" variableLength="false" globbing="false" pipelineInput="True (ByPropertyName)" position="Named"><name>EndpointUrl</name><description><para>Amazon.PowerShell.Common.ServiceCmdlet.EndpointUrl </para></description><parameterValue required="true" variableLength="false">System.String</parameterValue></parameter><parameter required="False" variableLength="false" globbing="false" pipelineInput="True (ByPropertyName)" position="Named"><name>Region</name><description><para>Amazon.PowerShell.Common.AWSCommonArgumentsCmdlet.Region </para></description><parameterValue required="true" variableLength="false">System.Object</parameterValue></parameter><parameter required="False" variableLength="false" globbing="false" pipelineInput="True (ByPropertyName)" position="Named"><name>AccessKey</name><description><para>Amazon.PowerShell.Common.AWSCommonArgumentsCmdlet.AccessKey </para></description><parameterValue required="true" variableLength="false">System.String</parameterValue></parameter><parameter required="False" variableLength="false" globbing="false" pipelineInput="True (ByPropertyName)" position="Named"><name>SecretKey</name><description><para>Amazon.PowerShell.Common.AWSCommonArgumentsCmdlet.SecretKey </para></description><parameterValue required="true" variableLength="false">System.String</parameterValue></parameter><parameter required="False" variableLength="false" globbing="false" pipelineInput="True (ByPropertyName)" position="Named"><name>SessionToken</name><description><para>Amazon.PowerShell.Common.AWSCommonArgumentsCmdlet.SessionToken </para></description><parameterValue required="true" variableLength="false">System.String</parameterValue></parameter><parameter required="False" variableLength="false" globbing="false" pipelineInput="True (ByPropertyName)" position="Named"><name>ProfileName</name><description><para>Amazon.PowerShell.Common.AWSCommonArgumentsCmdlet.ProfileName </para></description><parameterValue required="true" variableLength="false">System.String</parameterValue></parameter><parameter required="False" variableLength="false" globbing="false" pipelineInput="True (ByPropertyName)" position="Named"><name>ProfileLocation</name><description><para>Amazon.PowerShell.Common.AWSCommonArgumentsCmdlet.ProfileLocation </para></description><parameterValue required="true" variableLength="false">System.String</parameterValue></parameter><parameter required="False" variableLength="false" globbing="false" pipelineInput="True (ByValue, ByPropertyName)" position="Named"><name>Credential</name><description><para>Amazon.PowerShell.Common.AWSCommonArgumentsCmdlet.Credential </para></description><parameterValue required="true" variableLength="false">Amazon.Runtime.AWSCredentials</parameterValue></parameter><parameter required="False" variableLength="false" globbing="false" pipelineInput="True (ByValue, ByPropertyName)" position="Named"><name>NetworkCredential</name><description><para>Amazon.PowerShell.Common.AWSCommonArgumentsCmdlet.NetworkCredential </para></description><parameterValue required="true" variableLength="false">System.Management.Automation.PSCredential</parameterValue></parameter></syntaxItem></syntax><parameters><parameter required="False" variableLength="false" globbing="false" pipelineInput="True (ByPropertyName)" position="Named"><name>AccessKey</name><description><para>Amazon.PowerShell.Common.AWSCommonArgumentsCmdlet.AccessKey </para></description><parameterValue required="true" variableLength="false">System.String</parameterValue><type><name>System.String</name><uri /></type><defaultValue>None</defaultValue></parameter><parameter required="False" variableLength="false" globbing="false" pipelineInput="True (ByValue, ByPropertyName)" position="Named"><name>Credential</name><description><para>Amazon.PowerShell.Common.AWSCommonArgumentsCmdlet.Credential </para></description><parameterValue required="true" variableLength="false">Amazon.Runtime.AWSCredentials</parameterValue><type><name>Amazon.Runtime.AWSCredentials</name><uri /></type><defaultValue>None</defaultValue></parameter><parameter required="False" variableLength="false" globbing="false" pipelineInput="True (ByPropertyName)" position="Named"><name>EndpointUrl</name><description><para>Amazon.PowerShell.Common.ServiceCmdlet.EndpointUrl </para></description><parameterValue required="true" variableLength="false">System.String</parameterValue><type><name>System.String</name><uri /></type><defaultValue>None</defaultValue></parameter><parameter required="False" variableLength="false" globbing="false" pipelineInput="True (ByValue, ByPropertyName)" position="Named"><name>NetworkCredential</name><description><para>Amazon.PowerShell.Common.AWSCommonArgumentsCmdlet.NetworkCredential </para></description><parameterValue required="true" variableLength="false">System.Management.Automation.PSCredential</parameterValue><type><name>System.Management.Automation.PSCredential</name><uri /></type><defaultValue>None</defaultValue></parameter><parameter required="False" variableLength="false" globbing="false" pipelineInput="True (ByPropertyName)" position="Named"><name>ProfileLocation</name><description><para>Amazon.PowerShell.Common.AWSCommonArgumentsCmdlet.ProfileLocation </para></description><parameterValue required="true" variableLength="false">System.String</parameterValue><type><name>System.String</name><uri /></type><defaultValue>None</defaultValue></parameter><parameter required="False" variableLength="false" globbing="false" pipelineInput="True (ByPropertyName)" position="Named"><name>ProfileName</name><description><para>Amazon.PowerShell.Common.AWSCommonArgumentsCmdlet.ProfileName </para></description><parameterValue required="true" variableLength="false">System.String</parameterValue><type><name>System.String</name><uri /></type><defaultValue>None</defaultValue></parameter><parameter required="False" variableLength="false" globbing="false" pipelineInput="True (ByPropertyName)" position="Named"><name>Region</name><description><para>Amazon.PowerShell.Common.AWSCommonArgumentsCmdlet.Region </para></description><parameterValue required="true" variableLength="false">System.Object</parameterValue><type><name>System.Object</name><uri /></type><defaultValue>None</defaultValue></parameter><parameter required="False" variableLength="false" globbing="false" pipelineInput="True (ByPropertyName)" position="Named"><name>SecretKey</name><description><para>Amazon.PowerShell.Common.AWSCommonArgumentsCmdlet.SecretKey </para></description><parameterValue required="true" variableLength="false">System.String</parameterValue><type><name>System.String</name><uri /></type><defaultValue>None</defaultValue></parameter><parameter required="False" variableLength="false" globbing="false" pipelineInput="True (ByPropertyName)" position="Named"><name>Select</name><description><para>Use the -Select parameter to control the cmdlet output. The default value is &#39;AcceleratorTypes&#39;. Specifying -Select &#39;*&#39; will result in the cmdlet returning the whole service response (Amazon.ElasticInference.Model.DescribeAcceleratorTypesResponse). Specifying the name of a property of type Amazon.ElasticInference.Model.DescribeAcceleratorTypesResponse will result in that property being returned. Specifying -Select &#39;^ParameterName&#39; will result in the cmdlet returning the selected cmdlet parameter value. </para></description><parameterValue required="true" variableLength="false">System.String</parameterValue><type><name>System.String</name><uri /></type><defaultValue>None</defaultValue></parameter><parameter required="False" variableLength="false" globbing="false" pipelineInput="True (ByPropertyName)" position="Named"><name>SessionToken</name><description><para>Amazon.PowerShell.Common.AWSCommonArgumentsCmdlet.SessionToken </para></description><parameterValue required="true" variableLength="false">System.String</parameterValue><type><name>System.String</name><uri /></type><defaultValue>None</defaultValue></parameter></parameters><returnValues><returnValue><type><name>Amazon.ElasticInference.Model.AcceleratorType or Amazon.ElasticInference.Model.DescribeAcceleratorTypesResponse</name><uri /><description /></type><description><para>This cmdlet returns a collection of Amazon.ElasticInference.Model.AcceleratorType objects.
The service call response (type Amazon.ElasticInference.Model.DescribeAcceleratorTypesResponse) can also be referenced from properties attached to the cmdlet entry in the $AWSHistory stack.</para></description></returnValue></returnValues><relatedLinks><navigationLink><linkText>Online version:</linkText><uri>http://docs.aws.amazon.com/powershell/latest/reference/index.html?page=Get-EIAcceleratorType.html&amp;tocid=Get-EIAcceleratorType</uri></navigationLink><navigationLink><linkText>Common credential and region parameters: </linkText><uri>http://docs.aws.amazon.com/powershell/latest/reference/items/pstoolsref-commonparams.html</uri></navigationLink></relatedLinks></command><command xmlns:maml="http://schemas.microsoft.com/maml/2004/10" xmlns:command="http://schemas.microsoft.com/maml/dev/command/2004/10" xmlns:dev="http://schemas.microsoft.com/maml/dev/2004/10"><details><name>Get-EIResourceTag</name><description><para>Calls the Amazon Elastic Inference ListTagsForResource API operation.</para></description><verb>Get</verb><noun>EIResourceTag</noun><copyright><para>&amp;copy; Copyright 2012 - 2020 Amazon.com, Inc.or its affiliates.All Rights Reserved.</para></copyright></details><description><para>Returns all tags of an Elastic Inference Accelerator. </para></description><syntax><syntaxItem><name>Get-EIResourceTag</name><parameter required="True" variableLength="false" globbing="false" pipelineInput="True (ByValue, ByPropertyName)" position="1"><name>ResourceArn</name><description><para> The ARN of the Elastic Inference Accelerator to list the tags for.  </para></description><parameterValue required="true" variableLength="false">System.String</parameterValue></parameter><parameter required="False" variableLength="false" globbing="false" pipelineInput="True (ByPropertyName)" position="Named"><name>Select</name><description><para>Use the -Select parameter to control the cmdlet output. The default value is &#39;Tags&#39;. Specifying -Select &#39;*&#39; will result in the cmdlet returning the whole service response (Amazon.ElasticInference.Model.ListTagsForResourceResponse). Specifying the name of a property of type Amazon.ElasticInference.Model.ListTagsForResourceResponse will result in that property being returned. Specifying -Select &#39;^ParameterName&#39; will result in the cmdlet returning the selected cmdlet parameter value. </para></description><parameterValue required="true" variableLength="false">System.String</parameterValue></parameter><parameter required="False" variableLength="false" globbing="false" pipelineInput="True (ByPropertyName)" position="Named"><name>PassThru</name><description><para>Changes the cmdlet behavior to return the value passed to the ResourceArn parameter. The -PassThru parameter is deprecated, use -Select &#39;^ResourceArn&#39; instead. This parameter will be removed in a future version. </para></description><parameterValue required="true" variableLength="false">System.Management.Automation.SwitchParameter</parameterValue></parameter><parameter required="False" variableLength="false" globbing="false" pipelineInput="True (ByPropertyName)" position="Named"><name>EndpointUrl</name><description><para>Amazon.PowerShell.Common.ServiceCmdlet.EndpointUrl </para></description><parameterValue required="true" variableLength="false">System.String</parameterValue></parameter><parameter required="False" variableLength="false" globbing="false" pipelineInput="True (ByPropertyName)" position="Named"><name>Region</name><description><para>Amazon.PowerShell.Common.AWSCommonArgumentsCmdlet.Region </para></description><parameterValue required="true" variableLength="false">System.Object</parameterValue></parameter><parameter required="False" variableLength="false" globbing="false" pipelineInput="True (ByPropertyName)" position="Named"><name>AccessKey</name><description><para>Amazon.PowerShell.Common.AWSCommonArgumentsCmdlet.AccessKey </para></description><parameterValue required="true" variableLength="false">System.String</parameterValue></parameter><parameter required="False" variableLength="false" globbing="false" pipelineInput="True (ByPropertyName)" position="Named"><name>SecretKey</name><description><para>Amazon.PowerShell.Common.AWSCommonArgumentsCmdlet.SecretKey </para></description><parameterValue required="true" variableLength="false">System.String</parameterValue></parameter><parameter required="False" variableLength="false" globbing="false" pipelineInput="True (ByPropertyName)" position="Named"><name>SessionToken</name><description><para>Amazon.PowerShell.Common.AWSCommonArgumentsCmdlet.SessionToken </para></description><parameterValue required="true" variableLength="false">System.String</parameterValue></parameter><parameter required="False" variableLength="false" globbing="false" pipelineInput="True (ByPropertyName)" position="Named"><name>ProfileName</name><description><para>Amazon.PowerShell.Common.AWSCommonArgumentsCmdlet.ProfileName </para></description><parameterValue required="true" variableLength="false">System.String</parameterValue></parameter><parameter required="False" variableLength="false" globbing="false" pipelineInput="True (ByPropertyName)" position="Named"><name>ProfileLocation</name><description><para>Amazon.PowerShell.Common.AWSCommonArgumentsCmdlet.ProfileLocation </para></description><parameterValue required="true" variableLength="false">System.String</parameterValue></parameter><parameter required="False" variableLength="false" globbing="false" pipelineInput="True (ByValue, ByPropertyName)" position="Named"><name>Credential</name><description><para>Amazon.PowerShell.Common.AWSCommonArgumentsCmdlet.Credential </para></description><parameterValue required="true" variableLength="false">Amazon.Runtime.AWSCredentials</parameterValue></parameter><parameter required="False" variableLength="false" globbing="false" pipelineInput="True (ByValue, ByPropertyName)" position="Named"><name>NetworkCredential</name><description><para>Amazon.PowerShell.Common.AWSCommonArgumentsCmdlet.NetworkCredential </para></description><parameterValue required="true" variableLength="false">System.Management.Automation.PSCredential</parameterValue></parameter></syntaxItem></syntax><parameters><parameter required="False" variableLength="false" globbing="false" pipelineInput="True (ByPropertyName)" position="Named"><name>AccessKey</name><description><para>Amazon.PowerShell.Common.AWSCommonArgumentsCmdlet.AccessKey </para></description><parameterValue required="true" variableLength="false">System.String</parameterValue><type><name>System.String</name><uri /></type><defaultValue>None</defaultValue></parameter><parameter required="False" variableLength="false" globbing="false" pipelineInput="True (ByValue, ByPropertyName)" position="Named"><name>Credential</name><description><para>Amazon.PowerShell.Common.AWSCommonArgumentsCmdlet.Credential </para></description><parameterValue required="true" variableLength="false">Amazon.Runtime.AWSCredentials</parameterValue><type><name>Amazon.Runtime.AWSCredentials</name><uri /></type><defaultValue>None</defaultValue></parameter><parameter required="False" variableLength="false" globbing="false" pipelineInput="True (ByPropertyName)" position="Named"><name>EndpointUrl</name><description><para>Amazon.PowerShell.Common.ServiceCmdlet.EndpointUrl </para></description><parameterValue required="true" variableLength="false">System.String</parameterValue><type><name>System.String</name><uri /></type><defaultValue>None</defaultValue></parameter><parameter required="False" variableLength="false" globbing="false" pipelineInput="True (ByValue, ByPropertyName)" position="Named"><name>NetworkCredential</name><description><para>Amazon.PowerShell.Common.AWSCommonArgumentsCmdlet.NetworkCredential </para></description><parameterValue required="true" variableLength="false">System.Management.Automation.PSCredential</parameterValue><type><name>System.Management.Automation.PSCredential</name><uri /></type><defaultValue>None</defaultValue></parameter><parameter required="False" variableLength="false" globbing="false" pipelineInput="True (ByPropertyName)" position="Named"><name>PassThru</name><description><para>Changes the cmdlet behavior to return the value passed to the ResourceArn parameter. The -PassThru parameter is deprecated, use -Select &#39;^ResourceArn&#39; instead. This parameter will be removed in a future version. </para></description><parameterValue required="true" variableLength="false">System.Management.Automation.SwitchParameter</parameterValue><type><name>System.Management.Automation.SwitchParameter</name><uri /></type><defaultValue>None</defaultValue></parameter><parameter required="False" variableLength="false" globbing="false" pipelineInput="True (ByPropertyName)" position="Named"><name>ProfileLocation</name><description><para>Amazon.PowerShell.Common.AWSCommonArgumentsCmdlet.ProfileLocation </para></description><parameterValue required="true" variableLength="false">System.String</parameterValue><type><name>System.String</name><uri /></type><defaultValue>None</defaultValue></parameter><parameter required="False" variableLength="false" globbing="false" pipelineInput="True (ByPropertyName)" position="Named"><name>ProfileName</name><description><para>Amazon.PowerShell.Common.AWSCommonArgumentsCmdlet.ProfileName </para></description><parameterValue required="true" variableLength="false">System.String</parameterValue><type><name>System.String</name><uri /></type><defaultValue>None</defaultValue></parameter><parameter required="False" variableLength="false" globbing="false" pipelineInput="True (ByPropertyName)" position="Named"><name>Region</name><description><para>Amazon.PowerShell.Common.AWSCommonArgumentsCmdlet.Region </para></description><parameterValue required="true" variableLength="false">System.Object</parameterValue><type><name>System.Object</name><uri /></type><defaultValue>None</defaultValue></parameter><parameter required="True" variableLength="false" globbing="false" pipelineInput="True (ByValue, ByPropertyName)" position="1"><name>ResourceArn</name><description><para> The ARN of the Elastic Inference Accelerator to list the tags for.  </para></description><parameterValue required="true" variableLength="false">System.String</parameterValue><type><name>System.String</name><uri /></type><defaultValue>None</defaultValue></parameter><parameter required="False" variableLength="false" globbing="false" pipelineInput="True (ByPropertyName)" position="Named"><name>SecretKey</name><description><para>Amazon.PowerShell.Common.AWSCommonArgumentsCmdlet.SecretKey </para></description><parameterValue required="true" variableLength="false">System.String</parameterValue><type><name>System.String</name><uri /></type><defaultValue>None</defaultValue></parameter><parameter required="False" variableLength="false" globbing="false" pipelineInput="True (ByPropertyName)" position="Named"><name>Select</name><description><para>Use the -Select parameter to control the cmdlet output. The default value is &#39;Tags&#39;. Specifying -Select &#39;*&#39; will result in the cmdlet returning the whole service response (Amazon.ElasticInference.Model.ListTagsForResourceResponse). Specifying the name of a property of type Amazon.ElasticInference.Model.ListTagsForResourceResponse will result in that property being returned. Specifying -Select &#39;^ParameterName&#39; will result in the cmdlet returning the selected cmdlet parameter value. </para></description><parameterValue required="true" variableLength="false">System.String</parameterValue><type><name>System.String</name><uri /></type><defaultValue>None</defaultValue></parameter><parameter required="False" variableLength="false" globbing="false" pipelineInput="True (ByPropertyName)" position="Named"><name>SessionToken</name><description><para>Amazon.PowerShell.Common.AWSCommonArgumentsCmdlet.SessionToken </para></description><parameterValue required="true" variableLength="false">System.String</parameterValue><type><name>System.String</name><uri /></type><defaultValue>None</defaultValue></parameter></parameters><returnValues><returnValue><type><name>System.String or Amazon.ElasticInference.Model.ListTagsForResourceResponse</name><uri /><description /></type><description><para>This cmdlet returns a collection of System.String objects.
The service call response (type Amazon.ElasticInference.Model.ListTagsForResourceResponse) can also be referenced from properties attached to the cmdlet entry in the $AWSHistory stack.</para></description></returnValue></returnValues><relatedLinks><navigationLink><linkText>Online version:</linkText><uri>http://docs.aws.amazon.com/powershell/latest/reference/index.html?page=Get-EIResourceTag.html&amp;tocid=Get-EIResourceTag</uri></navigationLink><navigationLink><linkText>Common credential and region parameters: </linkText><uri>http://docs.aws.amazon.com/powershell/latest/reference/items/pstoolsref-commonparams.html</uri></navigationLink></relatedLinks></command></helpItems>