<?xml version="1.0"?>
<doc>
    <assembly>
        <name>AWS.Tools.ElasticInference</name>
    </assembly>
    <members>
        <member name="T:Amazon.PowerShell.Cmdlets.EI.AddEIResourceTagCmdlet">
            <summary>
            Adds the specified tags to an Elastic Inference Accelerator.
            </summary>
        </member>
        <member name="P:Amazon.PowerShell.Cmdlets.EI.AddEIResourceTagCmdlet.ResourceArn">
            <summary>
            <para>
            <para> The ARN of the Elastic Inference Accelerator to tag. </para>
            </para>
            </summary>
        </member>
        <member name="P:Amazon.PowerShell.Cmdlets.EI.AddEIResourceTagCmdlet.Tag">
            <summary>
            <para>
            <para> The tags to add to the Elastic Inference Accelerator. </para>
            </para>
            </summary>
        </member>
        <member name="P:Amazon.PowerShell.Cmdlets.EI.AddEIResourceTagCmdlet.Select">
            <summary>
            Use the -Select parameter to control the cmdlet output. The cmdlet doesn't have a return value by default.
            Specifying -Select '*' will result in the cmdlet returning the whole service response (Amazon.ElasticInference.Model.TagResourceResponse).
            Specifying -Select '^ParameterName' will result in the cmdlet returning the selected cmdlet parameter value.
            </summary>
        </member>
        <member name="P:Amazon.PowerShell.Cmdlets.EI.AddEIResourceTagCmdlet.PassThru">
            <summary>
            Changes the cmdlet behavior to return the value passed to the ResourceArn parameter.
            The -PassThru parameter is deprecated, use -Select '^ResourceArn' instead. This parameter will be removed in a future version.
            </summary>
        </member>
        <member name="P:Amazon.PowerShell.Cmdlets.EI.AddEIResourceTagCmdlet.Force">
            <summary>
            This parameter overrides confirmation prompts to force 
            the cmdlet to continue its operation. This parameter should always
            be used with caution.
            </summary>
        </member>
        <member name="T:Amazon.PowerShell.Cmdlets.EI.GetEIAcceleratorCmdlet">
            <summary>
            Describes information over a provided set of accelerators belonging to an account.
            </summary>
        </member>
        <member name="P:Amazon.PowerShell.Cmdlets.EI.GetEIAcceleratorCmdlet.AcceleratorId">
            <summary>
            <para>
            <para> The IDs of the accelerators to describe. </para>
            </para>
            </summary>
        </member>
        <member name="P:Amazon.PowerShell.Cmdlets.EI.GetEIAcceleratorCmdlet.Filter">
            <summary>
            <para>
            <para> One or more filters. Filter names and values are case-sensitive. Valid filter names
            are: accelerator-types: can provide a list of accelerator type names to filter for.
            instance-id: can provide a list of EC2 instance ids to filter for. </para>
            </para>
            </summary>
        </member>
        <member name="P:Amazon.PowerShell.Cmdlets.EI.GetEIAcceleratorCmdlet.MaxResult">
            <summary>
            <para>
            <para> The total number of items to return in the command's output. If the total number
            of items available is more than the value specified, a NextToken is provided in the
            command's output. To resume pagination, provide the NextToken value in the starting-token
            argument of a subsequent command. Do not use the NextToken response element directly
            outside of the AWS CLI. </para>
            </para>
            </summary>
        </member>
        <member name="P:Amazon.PowerShell.Cmdlets.EI.GetEIAcceleratorCmdlet.NextToken">
            <summary>
            <para>
            <para> A token to specify where to start paginating. This is the NextToken from a previously
            truncated response. </para>
            </para>
            </summary>
        </member>
        <member name="P:Amazon.PowerShell.Cmdlets.EI.GetEIAcceleratorCmdlet.Select">
            <summary>
            Use the -Select parameter to control the cmdlet output. The default value is 'AcceleratorSet'.
            Specifying -Select '*' will result in the cmdlet returning the whole service response (Amazon.ElasticInference.Model.DescribeAcceleratorsResponse).
            Specifying the name of a property of type Amazon.ElasticInference.Model.DescribeAcceleratorsResponse will result in that property being returned.
            Specifying -Select '^ParameterName' will result in the cmdlet returning the selected cmdlet parameter value.
            </summary>
        </member>
        <member name="T:Amazon.PowerShell.Cmdlets.EI.GetEIAcceleratorOfferingCmdlet">
            <summary>
            Describes the locations in which a given accelerator type or set of types is present
            in a given region.
            </summary>
        </member>
        <member name="P:Amazon.PowerShell.Cmdlets.EI.GetEIAcceleratorOfferingCmdlet.AcceleratorType">
            <summary>
            <para>
            <para> The list of accelerator types to describe. </para>
            </para>
            </summary>
        </member>
        <member name="P:Amazon.PowerShell.Cmdlets.EI.GetEIAcceleratorOfferingCmdlet.LocationType">
            <summary>
            <para>
            <para> The location type that you want to describe accelerator type offerings for. It can
            assume the following values: region: will return the accelerator type offering at
            the regional level. availability-zone: will return the accelerator type offering at
            the availability zone level. availability-zone-id: will return the accelerator type
            offering at the availability zone level returning the availability zone id. </para>
            </para>
            </summary>
        </member>
        <member name="P:Amazon.PowerShell.Cmdlets.EI.GetEIAcceleratorOfferingCmdlet.Select">
            <summary>
            Use the -Select parameter to control the cmdlet output. The default value is 'AcceleratorTypeOfferings'.
            Specifying -Select '*' will result in the cmdlet returning the whole service response (Amazon.ElasticInference.Model.DescribeAcceleratorOfferingsResponse).
            Specifying the name of a property of type Amazon.ElasticInference.Model.DescribeAcceleratorOfferingsResponse will result in that property being returned.
            Specifying -Select '^ParameterName' will result in the cmdlet returning the selected cmdlet parameter value.
            </summary>
        </member>
        <member name="P:Amazon.PowerShell.Cmdlets.EI.GetEIAcceleratorOfferingCmdlet.PassThru">
            <summary>
            Changes the cmdlet behavior to return the value passed to the LocationType parameter.
            The -PassThru parameter is deprecated, use -Select '^LocationType' instead. This parameter will be removed in a future version.
            </summary>
        </member>
        <member name="T:Amazon.PowerShell.Cmdlets.EI.GetEIAcceleratorTypeCmdlet">
            <summary>
            Describes the accelerator types available in a given region, as well as their characteristics,
            such as memory and throughput.
            </summary>
        </member>
        <member name="P:Amazon.PowerShell.Cmdlets.EI.GetEIAcceleratorTypeCmdlet.Select">
            <summary>
            Use the -Select parameter to control the cmdlet output. The default value is 'AcceleratorTypes'.
            Specifying -Select '*' will result in the cmdlet returning the whole service response (Amazon.ElasticInference.Model.DescribeAcceleratorTypesResponse).
            Specifying the name of a property of type Amazon.ElasticInference.Model.DescribeAcceleratorTypesResponse will result in that property being returned.
            Specifying -Select '^ParameterName' will result in the cmdlet returning the selected cmdlet parameter value.
            </summary>
        </member>
        <member name="T:Amazon.PowerShell.Cmdlets.EI.GetEIResourceTagCmdlet">
            <summary>
            Returns all tags of an Elastic Inference Accelerator.
            </summary>
        </member>
        <member name="P:Amazon.PowerShell.Cmdlets.EI.GetEIResourceTagCmdlet.ResourceArn">
            <summary>
            <para>
            <para> The ARN of the Elastic Inference Accelerator to list the tags for. </para>
            </para>
            </summary>
        </member>
        <member name="P:Amazon.PowerShell.Cmdlets.EI.GetEIResourceTagCmdlet.Select">
            <summary>
            Use the -Select parameter to control the cmdlet output. The default value is 'Tags'.
            Specifying -Select '*' will result in the cmdlet returning the whole service response (Amazon.ElasticInference.Model.ListTagsForResourceResponse).
            Specifying the name of a property of type Amazon.ElasticInference.Model.ListTagsForResourceResponse will result in that property being returned.
            Specifying -Select '^ParameterName' will result in the cmdlet returning the selected cmdlet parameter value.
            </summary>
        </member>
        <member name="P:Amazon.PowerShell.Cmdlets.EI.GetEIResourceTagCmdlet.PassThru">
            <summary>
            Changes the cmdlet behavior to return the value passed to the ResourceArn parameter.
            The -PassThru parameter is deprecated, use -Select '^ResourceArn' instead. This parameter will be removed in a future version.
            </summary>
        </member>
        <member name="T:Amazon.PowerShell.Cmdlets.EI.RemoveEIResourceTagCmdlet">
            <summary>
            Removes the specified tags from an Elastic Inference Accelerator.
            </summary>
        </member>
        <member name="P:Amazon.PowerShell.Cmdlets.EI.RemoveEIResourceTagCmdlet.ResourceArn">
            <summary>
            <para>
            <para> The ARN of the Elastic Inference Accelerator to untag. </para>
            </para>
            </summary>
        </member>
        <member name="P:Amazon.PowerShell.Cmdlets.EI.RemoveEIResourceTagCmdlet.TagKey">
            <summary>
            <para>
            <para> The list of tags to remove from the Elastic Inference Accelerator. </para>
            </para>
            </summary>
        </member>
        <member name="P:Amazon.PowerShell.Cmdlets.EI.RemoveEIResourceTagCmdlet.Select">
            <summary>
            Use the -Select parameter to control the cmdlet output. The cmdlet doesn't have a return value by default.
            Specifying -Select '*' will result in the cmdlet returning the whole service response (Amazon.ElasticInference.Model.UntagResourceResponse).
            Specifying -Select '^ParameterName' will result in the cmdlet returning the selected cmdlet parameter value.
            </summary>
        </member>
        <member name="P:Amazon.PowerShell.Cmdlets.EI.RemoveEIResourceTagCmdlet.PassThru">
            <summary>
            Changes the cmdlet behavior to return the value passed to the ResourceArn parameter.
            The -PassThru parameter is deprecated, use -Select '^ResourceArn' instead. This parameter will be removed in a future version.
            </summary>
        </member>
        <member name="P:Amazon.PowerShell.Cmdlets.EI.RemoveEIResourceTagCmdlet.Force">
            <summary>
            This parameter overrides confirmation prompts to force 
            the cmdlet to continue its operation. This parameter should always
            be used with caution.
            </summary>
        </member>
    </members>
</doc>
