<?xml version="1.0"?>
<doc>
    <assembly>
        <name>AWS.Tools.CostAndUsageReport</name>
    </assembly>
    <members>
        <member name="T:Amazon.PowerShell.Cmdlets.CUR.EditCURReportDefinitionCmdlet">
            <summary>
            Allows you to programatically update your report preferences.
            </summary>
        </member>
        <member name="P:Amazon.PowerShell.Cmdlets.CUR.EditCURReportDefinitionCmdlet.ReportDefinition_AdditionalArtifact">
            <summary>
            <para>
            <para>A list of manifests that you want Amazon Web Services to create for this report.</para>
            </para>
            </summary>
        </member>
        <member name="P:Amazon.PowerShell.Cmdlets.CUR.EditCURReportDefinitionCmdlet.ReportDefinition_AdditionalSchemaElement">
            <summary>
            <para>
            <para>A list of strings that indicate additional content that Amazon Web Services includes
            in the report, such as individual resource IDs. </para>
            </para>
            </summary>
        </member>
        <member name="P:Amazon.PowerShell.Cmdlets.CUR.EditCURReportDefinitionCmdlet.ReportDefinition_Compression">
            <summary>
            <para>
            The service has not provided documentation for this parameter; please refer to the service's API reference documentation for the latest available information.
            </para>
            </summary>
        </member>
        <member name="P:Amazon.PowerShell.Cmdlets.CUR.EditCURReportDefinitionCmdlet.ReportDefinition_Format">
            <summary>
            <para>
            The service has not provided documentation for this parameter; please refer to the service's API reference documentation for the latest available information.
            </para>
            </summary>
        </member>
        <member name="P:Amazon.PowerShell.Cmdlets.CUR.EditCURReportDefinitionCmdlet.ReportDefinition_RefreshClosedReport">
            <summary>
            <para>
            <para>Whether you want Amazon Web Services to update your reports after they have been finalized
            if Amazon Web Services detects charges related to previous months. These charges can
            include refunds, credits, or support fees.</para>
            </para>
            </summary>
        </member>
        <member name="P:Amazon.PowerShell.Cmdlets.CUR.EditCURReportDefinitionCmdlet.ReportDefinition_ReportName">
            <summary>
            <para>
            The service has not provided documentation for this parameter; please refer to the service's API reference documentation for the latest available information.
            </para>
            </summary>
        </member>
        <member name="P:Amazon.PowerShell.Cmdlets.CUR.EditCURReportDefinitionCmdlet.ReportName">
            <summary>
            <para>
            The service has not provided documentation for this parameter; please refer to the service's API reference documentation for the latest available information.
            </para>
            </summary>
        </member>
        <member name="P:Amazon.PowerShell.Cmdlets.CUR.EditCURReportDefinitionCmdlet.ReportDefinition_ReportVersioning">
            <summary>
            <para>
            <para>Whether you want Amazon Web Services to overwrite the previous version of each report
            or to deliver the report in addition to the previous versions.</para>
            </para>
            </summary>
        </member>
        <member name="P:Amazon.PowerShell.Cmdlets.CUR.EditCURReportDefinitionCmdlet.ReportDefinition_S3Bucket">
            <summary>
            <para>
            The service has not provided documentation for this parameter; please refer to the service's API reference documentation for the latest available information.
            </para>
            </summary>
        </member>
        <member name="P:Amazon.PowerShell.Cmdlets.CUR.EditCURReportDefinitionCmdlet.ReportDefinition_S3Prefix">
            <summary>
            <para>
            The service has not provided documentation for this parameter; please refer to the service's API reference documentation for the latest available information.
            </para>
            </summary>
        </member>
        <member name="P:Amazon.PowerShell.Cmdlets.CUR.EditCURReportDefinitionCmdlet.ReportDefinition_S3Region">
            <summary>
            <para>
            The service has not provided documentation for this parameter; please refer to the service's API reference documentation for the latest available information.
            </para>
            </summary>
        </member>
        <member name="P:Amazon.PowerShell.Cmdlets.CUR.EditCURReportDefinitionCmdlet.ReportDefinition_TimeUnit">
            <summary>
            <para>
            The service has not provided documentation for this parameter; please refer to the service's API reference documentation for the latest available information.
            </para>
            </summary>
        </member>
        <member name="P:Amazon.PowerShell.Cmdlets.CUR.EditCURReportDefinitionCmdlet.Select">
            <summary>
            Use the -Select parameter to control the cmdlet output. The cmdlet doesn't have a return value by default.
            Specifying -Select '*' will result in the cmdlet returning the whole service response (Amazon.CostAndUsageReport.Model.ModifyReportDefinitionResponse).
            Specifying -Select '^ParameterName' will result in the cmdlet returning the selected cmdlet parameter value.
            </summary>
        </member>
        <member name="P:Amazon.PowerShell.Cmdlets.CUR.EditCURReportDefinitionCmdlet.PassThru">
            <summary>
            Changes the cmdlet behavior to return the value passed to the ReportName parameter.
            The -PassThru parameter is deprecated, use -Select '^ReportName' instead. This parameter will be removed in a future version.
            </summary>
        </member>
        <member name="P:Amazon.PowerShell.Cmdlets.CUR.EditCURReportDefinitionCmdlet.Force">
            <summary>
            This parameter overrides confirmation prompts to force 
            the cmdlet to continue its operation. This parameter should always
            be used with caution.
            </summary>
        </member>
        <member name="T:Amazon.PowerShell.Cmdlets.CUR.GetCURReportDefinitionCmdlet">
            <summary>
            Lists the AWS Cost and Usage reports available to this account.<br/><br/>This cmdlet automatically pages all available results to the pipeline - parameters related to iteration are only needed if you want to manually control the paginated output. To disable autopagination, use -NoAutoIteration.
            </summary>
        </member>
        <member name="P:Amazon.PowerShell.Cmdlets.CUR.GetCURReportDefinitionCmdlet.MaxResult">
            <summary>
            <para>
            The service has not provided documentation for this parameter; please refer to the service's API reference documentation for the latest available information.
            </para>
            <para>
            <br/><b>Note:</b> In AWSPowerShell and AWSPowerShell.NetCore this parameter is used to limit the total number of items returned by the cmdlet.
            <br/>In AWS.Tools this parameter is simply passed to the service to specify how many items should be returned by each service call.
            <br/>Pipe the output of this cmdlet into Select-Object -First to terminate retrieving data pages early and control the number of items returned.
            </para>
            </summary>
        </member>
        <member name="P:Amazon.PowerShell.Cmdlets.CUR.GetCURReportDefinitionCmdlet.NextToken">
            <summary>
            <para>
            The service has not provided documentation for this parameter; please refer to the service's API reference documentation for the latest available information.
            </para>
            <para>
            <br/><b>Note:</b> This parameter is only used if you are manually controlling output pagination of the service API call.
            <br/>In order to manually control output pagination, use '-NextToken $null' for the first call and '-NextToken $AWSHistory.LastServiceResponse.NextToken' for subsequent calls.
            </para>
            </summary>
        </member>
        <member name="P:Amazon.PowerShell.Cmdlets.CUR.GetCURReportDefinitionCmdlet.Select">
            <summary>
            Use the -Select parameter to control the cmdlet output. The default value is 'ReportDefinitions'.
            Specifying -Select '*' will result in the cmdlet returning the whole service response (Amazon.CostAndUsageReport.Model.DescribeReportDefinitionsResponse).
            Specifying the name of a property of type Amazon.CostAndUsageReport.Model.DescribeReportDefinitionsResponse will result in that property being returned.
            Specifying -Select '^ParameterName' will result in the cmdlet returning the selected cmdlet parameter value.
            </summary>
        </member>
        <member name="P:Amazon.PowerShell.Cmdlets.CUR.GetCURReportDefinitionCmdlet.NoAutoIteration">
            <summary>
            By default the cmdlet will auto-iterate and retrieve all results to the pipeline by performing multiple
            service calls. If set, the cmdlet will retrieve only the next 'page' of results using the value of NextToken
            as the start point.
            </summary>
        </member>
        <member name="T:Amazon.PowerShell.Cmdlets.CUR.RemoveCURReportDefinitionCmdlet">
            <summary>
            Deletes the specified report.
            </summary>
        </member>
        <member name="P:Amazon.PowerShell.Cmdlets.CUR.RemoveCURReportDefinitionCmdlet.ReportName">
            <summary>
            <para>
            The service has not provided documentation for this parameter; please refer to the service's API reference documentation for the latest available information.
            </para>
            </summary>
        </member>
        <member name="P:Amazon.PowerShell.Cmdlets.CUR.RemoveCURReportDefinitionCmdlet.Select">
            <summary>
            Use the -Select parameter to control the cmdlet output. The default value is 'ResponseMessage'.
            Specifying -Select '*' will result in the cmdlet returning the whole service response (Amazon.CostAndUsageReport.Model.DeleteReportDefinitionResponse).
            Specifying the name of a property of type Amazon.CostAndUsageReport.Model.DeleteReportDefinitionResponse will result in that property being returned.
            Specifying -Select '^ParameterName' will result in the cmdlet returning the selected cmdlet parameter value.
            </summary>
        </member>
        <member name="P:Amazon.PowerShell.Cmdlets.CUR.RemoveCURReportDefinitionCmdlet.PassThru">
            <summary>
            Changes the cmdlet behavior to return the value passed to the ReportName parameter.
            The -PassThru parameter is deprecated, use -Select '^ReportName' instead. This parameter will be removed in a future version.
            </summary>
        </member>
        <member name="P:Amazon.PowerShell.Cmdlets.CUR.RemoveCURReportDefinitionCmdlet.Force">
            <summary>
            This parameter overrides confirmation prompts to force 
            the cmdlet to continue its operation. This parameter should always
            be used with caution.
            </summary>
        </member>
        <member name="T:Amazon.PowerShell.Cmdlets.CUR.WriteCURReportDefinitionCmdlet">
            <summary>
            Creates a new report using the description that you provide.
            </summary>
        </member>
        <member name="P:Amazon.PowerShell.Cmdlets.CUR.WriteCURReportDefinitionCmdlet.ReportDefinition_AdditionalArtifact">
            <summary>
            <para>
            <para>A list of manifests that you want Amazon Web Services to create for this report.</para>
            </para>
            </summary>
        </member>
        <member name="P:Amazon.PowerShell.Cmdlets.CUR.WriteCURReportDefinitionCmdlet.ReportDefinition_AdditionalSchemaElement">
            <summary>
            <para>
            <para>A list of strings that indicate additional content that Amazon Web Services includes
            in the report, such as individual resource IDs. </para>
            </para>
            </summary>
        </member>
        <member name="P:Amazon.PowerShell.Cmdlets.CUR.WriteCURReportDefinitionCmdlet.ReportDefinition_Compression">
            <summary>
            <para>
            The service has not provided documentation for this parameter; please refer to the service's API reference documentation for the latest available information.
            </para>
            </summary>
        </member>
        <member name="P:Amazon.PowerShell.Cmdlets.CUR.WriteCURReportDefinitionCmdlet.ReportDefinition_Format">
            <summary>
            <para>
            The service has not provided documentation for this parameter; please refer to the service's API reference documentation for the latest available information.
            </para>
            </summary>
        </member>
        <member name="P:Amazon.PowerShell.Cmdlets.CUR.WriteCURReportDefinitionCmdlet.ReportDefinition_RefreshClosedReport">
            <summary>
            <para>
            <para>Whether you want Amazon Web Services to update your reports after they have been finalized
            if Amazon Web Services detects charges related to previous months. These charges can
            include refunds, credits, or support fees.</para>
            </para>
            </summary>
        </member>
        <member name="P:Amazon.PowerShell.Cmdlets.CUR.WriteCURReportDefinitionCmdlet.ReportDefinition_ReportName">
            <summary>
            <para>
            The service has not provided documentation for this parameter; please refer to the service's API reference documentation for the latest available information.
            </para>
            </summary>
        </member>
        <member name="P:Amazon.PowerShell.Cmdlets.CUR.WriteCURReportDefinitionCmdlet.ReportDefinition_ReportVersioning">
            <summary>
            <para>
            <para>Whether you want Amazon Web Services to overwrite the previous version of each report
            or to deliver the report in addition to the previous versions.</para>
            </para>
            </summary>
        </member>
        <member name="P:Amazon.PowerShell.Cmdlets.CUR.WriteCURReportDefinitionCmdlet.ReportDefinition_S3Bucket">
            <summary>
            <para>
            The service has not provided documentation for this parameter; please refer to the service's API reference documentation for the latest available information.
            </para>
            </summary>
        </member>
        <member name="P:Amazon.PowerShell.Cmdlets.CUR.WriteCURReportDefinitionCmdlet.ReportDefinition_S3Prefix">
            <summary>
            <para>
            The service has not provided documentation for this parameter; please refer to the service's API reference documentation for the latest available information.
            </para>
            </summary>
        </member>
        <member name="P:Amazon.PowerShell.Cmdlets.CUR.WriteCURReportDefinitionCmdlet.ReportDefinition_S3Region">
            <summary>
            <para>
            The service has not provided documentation for this parameter; please refer to the service's API reference documentation for the latest available information.
            </para>
            </summary>
        </member>
        <member name="P:Amazon.PowerShell.Cmdlets.CUR.WriteCURReportDefinitionCmdlet.ReportDefinition_TimeUnit">
            <summary>
            <para>
            The service has not provided documentation for this parameter; please refer to the service's API reference documentation for the latest available information.
            </para>
            </summary>
        </member>
        <member name="P:Amazon.PowerShell.Cmdlets.CUR.WriteCURReportDefinitionCmdlet.Select">
            <summary>
            Use the -Select parameter to control the cmdlet output. The cmdlet doesn't have a return value by default.
            Specifying -Select '*' will result in the cmdlet returning the whole service response (Amazon.CostAndUsageReport.Model.PutReportDefinitionResponse).
            Specifying -Select '^ParameterName' will result in the cmdlet returning the selected cmdlet parameter value.
            </summary>
        </member>
        <member name="P:Amazon.PowerShell.Cmdlets.CUR.WriteCURReportDefinitionCmdlet.Force">
            <summary>
            This parameter overrides confirmation prompts to force 
            the cmdlet to continue its operation. This parameter should always
            be used with caution.
            </summary>
        </member>
    </members>
</doc>
